Abfuehrgott	2
Abführgott	2
Abgasdreck	2
Abgeordnetenschweine	1
Abstiegsdreck	1
Abwaschdreck	1
Abwasserdreck	1
Achsbolzen	3
Achsschenkelbolzen	5
Adlerkönig	8
Admingott	1
Affendreck	1
Affenkönig	46
Afrikaapostel	1
Afterapostel	1
Ägypterkönig	9
Aktienguru	1
Alleingott	1
Allmachtsgott	2
Alltagsikone	1
Alpendreck	1
Alpenkönig	42
Alptraumikone	1
Ameisenkönig	17
Ampelgott	1
Andalusierhengst	3
Angelguru	1
Angstbolzen	1
Animierschwein	1
Ankerbolzen	7
Anleihenguru	2
Anpassungsapostel	2
Anschlagbolzen	1
Anschlussbolzen	4
Anstandspapst	1
Antibiotikaschweine	1
anti-gott	2
Antiguru	3
Antoniusschweine	3
Apfelguru	8
Appaloosahengst	1
Aquapapst	2
Araberhengst	53
Arbeiterapostel	7
Arbeiterpapst	1
Arbeiterschwein	2
Arbeitshengst	1
Arbeitsikone	1
Arbeitsmarktguru	1
Architekturikone	2
Architekturpapst	4
Armbrustbolzen	64
Asbestpapst	1
Aschendreck	1
Assyrerkönig	23
Astralgott	1
Asylantenschwein	1
Atompapst	1
Aufhängebolzen	1
Aufklärungsapostel	2
Aufklärungspapst	1
Aufruhrgott	1
Aufstiegsgott	1
Augustbolzen	1
Ausbrecherkönig	23
Ausländerschweinen	1
Ausnahmehengst	7
Ausreißerkönig	10
Ausreißerschwein	1
Außenseiterpapst	1
Auswurfbolzen	6
Authentizitätsapostel	1
Autogott	1
autoguru	2
Autokönig	28
Autopapst	17
Autorengott	1
Babyschwein	3
Bachpapst	1
Bäderkönig	9
Ballenbolzen	2
Balsamiergott	1
Barberinipapst	1
Barfußguru	1
Barnevelderpapst	2
Basiliskenkönig	15
Baumgott	1
Baumpapst	1
Baustellendreck	2
Bayernapostel	1
Bayernkönig	83
Beas-Satguru	1
Befestigungsbolzen	11
Beflissenheitsapostel	1
Befruchtungsguru	1
Befruchtungspapst	2
Begründerhengst	2
Behindertenschweine	1
Beihilfepapst	1
Benimmpapst	2
Benzinschwein	2
Beraterpapst	2
Berberhengst	7
Bergikone	1
Bergkönig	34
Bergschweinen	1
Berufshengst	1
Betriebswirtschaftsguru	1
Betroffenheitsapostel	1
Bettlerkönig	26
Bewegungsguru	1
Bewegungsikone	1
Beziehungsguru	1
Bezirksapostel	342
Bhaisajyaguru	6
Bhaishavaguru	2
Biergartenguru	1
Bierguru	1
Bierkönig	219
Bierpapst	36
Bilanzenpapst	1
Bildikone	3
Bildschirmpapst	4
Bildungsikone	1
Bildungspapst	1
Blasmusikpapst	1
Bleibolzen	2
Blitzbolzen	2
Blödsinnsapostel	1
Bluesrockikone	1
Blutmischungsapostel	1
Bocksgott	1
Boersenguru	1
Bogenpapst	1
Böhmenkönig	44
Bohnenkönig	13
Borghesepapst	1
Borgiapapst	2
Borlandschwein	4
börsen-guru	1
Börsenguru	81
Börsenschweine	1
Borstenschwein	1
Botengott	2
Bourbonenkönig	10
Braunkohlendreck	1
Bremsbolzen	1
Brillenapostel	1
Britenkönig	2
Bronzebolzen	1
Bronzeschwein	1
Brückenpapst	1
Brucknerguru	2
Bücherpapst	2
Buchguru	1
Buchschwein	2
Buddlerguru	1
Buddyikone	1
Bügelbolzen	2
Bühnendreck	1
Bühnengott	2
Bühnenguru	1
Bundesgott	40
Bürgerkönig	75
Bürgerschwein	1
Burgunderkönig	12
Bürohengst	57
Bürokratenhengst	1
Bürokratenschwein	1
Buschschweines	1
Businessguru	1
Butterschwein	1
Cashguru	1
Cembalopapst	1
Championhengst	1
Charakterbolzen	1
Charakterschweinen	3
Charmebolzen	25
Chauvischweine	3
Chefapostel	1
Chefguru	2
Chefschwein	5
Chemiedreck	1
Chemieschweine	1
Chietlerjungenschwein	1
christengott	2
Christenpapst	1
Christenschwein	3
Christgott	3
Christusikone	10
Cocktailpapst	2
Comicguru	1
Comicpapst	1
Computerguru	4
Computerpapst	2
Contentpapst	4
Corradohengst	3
Dämonendreck	1
Dämonengott	2
Dämonenkönig	12
Dänenkönig	83
Darmdreck	1
Datenguru	1
Datenmüllpapst	1
Deckhengst	146
Dekadenzbolzen	2
Deklamationsapostel	2
Demenzbolzen	2
Deregulierungsapostel	1
Designguru	1
Dezemberdreck	1
Diätapostel	2
Diätguru	3
Dichtergott	4
Dichterkönig	13
Dichterpapst	1
Dichtungspapst	1
Dieseldreck	1
Dieselpapst	1
Dieselschweine	2
Diplomatenpapsts	1
Dohlendreck	1
Donaupapst	1
Donnerbolzen	8
Donnergott	93
Doofbolzen	1
Doppeltschwein	1
Dorfapostel	1
Dorfdreck	6
Dorfgott	4
Dornenkönig	10
Dorschkönig	18
Drachendreck	1
Drachengott	18
Drachenkönig	62
Drecksschwein	5
Drehbolzen	2
Drehbuchguru	1
Drehbuchpapst	1
Dreifaltigkeitsikone	7
Dreikönig	230
Drei-Linien-Kreuzungsschwein	1
Dressurhengst	2
Dribbelgott	1
Dribbelkönig	21
Drogenapostel	1
Drogenguru	6
Drogenkönig	18
Drogenschwein	1
Drohgott	1
Dromedarhengst	1
Druckbolzen	2
Druckschwein	1
Dschungelkönig	27
Dübelgott	10
Dulderpapst	1
Dummbolzen	5
Dummheitsapostel	1
Dunkelkammerpapst	1
Durchhaltedreck	1
Ebergott	1
Effizienzapostel	1
Ehrenkönig	8
Eichelschwein	1
Eifersuchtsbolzen	1
Einbrecherkönig	7
Einheitsdreck	3
Einheitsgott	2
Einhornhengst	2
Einrastbolzen	1
Einwanderungsapostel	1
Eisenbahnkönig	15
Eisenbolzen	10
Eisenschweine	12
Eisenstahlbolzen	1
Ekelbolzen	2
Elbenkönig	8
Elbenschweine	1
Elefantenzuchtpapst	1
Elektronikpapst	3
Elfenkönig	86
Elitehengst	9
Emotionsbolzen	1
Endzeitapostel	1
Endzeitguru	1
Endzeit-Sektenguru	1
Energiebolzen	2
Energieguru	2
Energiepapst	1
Energiesparschwein	8
Engelpapst	7
Engelspapst	40
Engelspapsts	1
Enthüllungsguru	3
Entwicklungsdreck	1
Erbsenschwein	99
Erklärungsikone	1
Erlenkönig	13
Erlösergott	9
Ernährungsapostel	5
Ernährungsguru	2
Ernährungspapst	5
Ersatzapostel	1
Ersatzbolzen	1
Ersatzhengst	1
Ersatzkönig	15
Erstapostel	1
Erziehungsguru	1
Erziehungspapst	1
Eselhengst	16
Eselsgott	4
Esoterikguru	2
Etappenhengst	2
Eventpapst	2
Ewenkengott	1
Ewigkeitsgott	1
Exodusgott	4
Explosivbolzen	1
Exzenterbolzen	5
Fahrradlenkerbolzen	2
Falkengott	15
Familiendreck	1
Fangbolzen	2
Faschodreck	1
Faschoschweine	2
Fastpapst	1
Federbolzen	4
Federkönig	60
feel-good-guru	1
Feenkönig	39
Fernsehgott	2
Fernsehguru	2
Festikone	1
Fetenguru	5
Feuergott	72
Feuerkönig	12
Fickschweine	1
Filmgott	3
Filmguru	3
Filmikone	9
Filmlizenzdreck	1
Filmpapst	1
Finanzguru	10
Finanzierungsguru	1
Fischdreck	1
Fischerkönig	14
Fischkönig	20
Fischpapst	1
Fitnessapostel	1
Fitnessgott	2
Fitnessguru	4
Fitnesspapst	14
Fjordhengst	1
Flankengott	23
Fleischkönig	9
Fleißapostel	1
Flexibilitätsapostel	1
Fliegendreck	58
Fliegengott	7
Fliegergott	2
Flirtgott	1
Fluggott	1
Flusskönig	19
Flußkönig	11
Fohlenhengst	53
forengott	1
Fortschrittsapostel	4
Forumsgott	1
Frankenapostel	19
Frankenkönig	121
Frankenschweins	1
Frauenikone	1
Freihandelsapostel	3
Freihandelspapst	1
Freiheitsapostel	3
Freiheitsikone	2
Freistoßgott	4
Freizeitpapst	4
Fresspapst	2
Freudengott	1
Friedensapostel	53
Friedenskönig	53
Friedenspapst	38
Friedhofsgott	1
Friesenapostel	2
Friesenhengst	8
Friesenpapst	1
Frisurenikone	1
Frontikone	1
Froschkönig	400
Fructosegott	2
Frustbolzen	2
Fuchsgott	3
Fuchshengst	42
Führerschwein	2
Führungsbolzen	20
Fundamentbolzen	1
Fußballguru	2
Fussekguru	1
GaLaguru	1
Gameguru	1
Gangsterkönig	9
Gänsedreck	1
Gartengott	2
Gastroguru	1
Gebetsapostel	1
Geborgenheitsapostel	1
Gebotsgott	1
Gebührenpapst	1
Gedankendreck	1
Gefälligkeitsapostel	1
Gefühlsdreck	1
Gegenkönig	125
Gegenkulturikone	1
Gegenpapst	191
Gegenpapste	3
Geheimpapst	1
Geisterhengst	1
Geisterkönig	11
Gelddreck	3
geld-gott	2
Geldgott	6
Geldguru	4
Geldschwein	1
Gelenkbolzen	3
Gemütsschwein	13
Genieapostel	1
Genrekönig	17
Georgsikone	2
Gerechtigkeitsapostel	2
Germanenapostel	1
Gesangsikone	1
Geschmacksikone	1
Geschmackspapst	4
Geschoßbolzen	1
Gesellschaftshengst	6
Gesellschaftsikone	1
Gesetzeshengst	1
Gestammeldreck	1
Gestütshengst	3
Gesundheitsapostel	68
Gesundheitsguru	2
Gesundheitspapst	5
Gewaltapostel	1
Gewaltfreiheitsapostel	1
Gewerbedreck	1
Gewindebolzen	8
Gewittergott	14
Giftbolzen	1
Giftgasguru	1
Gipfelguru	1
Giraffenhengst	1
Gitarrenguru	2
Gitarrenikone	2
Glaspapst	1
Glatteisgott	3
Glatzengott	1
Glaubensapostel	5
Glaubenspapst	1
Gleichheitsapostel	1
Gleitlagerpapst	1
Globalisierungsapostel	2
Glockenpapst	2
Glocknerkönig	19
Glücksschweine	16
Goblinkönig	8
Goldguru	1
Goldhengst	1
Goldschwein	3
Goldwährungsapostel	1
Golfguru	1
Gotenkönig	33
Götterdreck	1
Götterkönig	21
Gottesapostel	1
Gottesikone	1
Gottkönig	237
Grafikguru	1
Grafitbolzen	1
Gralskönig	55
Graphikikone	1
Grenzgott	2
Griechengott	2
Großkönig	175
Großstadtapostel	3
Großstadtdreck	1
Großstadthengst	1
Gründerapostel	1
Gründerhengst	1
Grüntrinkerguru	2
Gruppenguru	1
grüßgott	5
Gummibolzen	2
Gummidreck	1
Gurkenkönig	23
Gurkenpapst	1
guruguru	3
Hackerikone	1
Hafihengst	3
Haflingerhengst	3
Hahnenkönig	8
Hallengott	1
Haltbolzen	1
Haltebolzen	17
Halterungsbolzen	1
Handballikone	1
Hangagott	1
Hängebauchschweins	3
Hängebauschweine	2
Hannoveranerhengst	5
Haptagott	1
@hasenkönig	11
Hasenkönig	10
Hassapostel	1
Hassbolzen	1
Hastgott	1
Hauptapostel	4
Hauptbolzen	11
Hauptikone	2
Hauptprämienhengst	1
Hauptprämiensiegerhengst	1
Hauptschwein	6
Hausfrauenikone	1
Hausschwein	301
Heavy-Metal-Gitarrengott	1
Heerkönig	16
Heidenapostel	25
Heidenkönig	9
Heilsapostel	3
Heilsguru	1
Heilskönig	7
Heimwerkerkönig	13
Heldengott	4
Herdgott	2
Herumbolzen	1
Herzkönig	19
Hethiterkönig	14
Hetzapostel	1
Hexenkönig	186
Himmelsgott	63
Himmelskönig	24
Hirnbolzen	2
hirtengott	1
Hirtenkönig	8
Hitlergott	1
Hochkönig	133
Hochleistungsschweine	2
Hockeygott	1
Höhenbolzen	3
Hohlbolzen	1
Höllenhengst	1
Höllenkönig	30
Hollywoodikone	3
Holsteinerhengst	2
Holzbolzen	3
Holzikone	1
Holzschwein	3
Hormonpapst	1
Horrorikone	2
Horrorpapst	2
Hörspielpapst	2
Hostapapst	1
Hühnerdreck	15
Hülfsgott	1
Humanistenpapst	2
Humanitätsapostel	3
Humorbolzen	2
Humorpapst	1
Hundedreck	47
Hundeguru	1
Hundekönig	7
Hunnenkönig	121
Hüttenschweine	1
Hygienepapst	1
Hypertextguru	1
Ideologiebolzen	1
Ideologiepapst	5
Idiotengott	1
Industriedreck	5
Industrieguru	3
Industrieschwein	13
Informationspapst	1
Informationswissenschaftspapst	2
Ingenieurgott	1
Innerlichkeitsapostel	1
Innovationsbolzen	1
Innovationsguru	1
Inselkönig	21
Integrationsapostel	1
Intelligenzbolzen	26
Internetguru	3
Investmentguru	4
Investmentikone	2
Islandhengst	2
Jagadguru	4
Jagdgott	2
Jägergott	1
Jahresdreck	1
Jahresgott	1
Jahrhundertpapst	4
Jährlingshengst	1
Jahrtausendpapst	2
jasomirgott	3
Jazzpapst	7
Jelinekdreck	1
Jenseitsapostel	1
Jochbolzen	2
Judenapostel	2
Judenkönig	16
Judenschweinen	1
Jugendapostel	8
Jugendkönig	13
Jugendpapst	3
Junghengst	25
Jungschweines	3
Juristenpapst	2
Juruguru	1
Justizschwein	1
Kabarettikone	1
Kadunduguru	1
Käfergott	1
Kaffeeautomatenpapst	18
Kaffeedreck	1
Kaffeekönig	16
Kaffeepapst	1
Kaltbluthengst	8
Kältepapst	2
Kamelhengst	5
Kampfesgott	1
Kampfgott	2
Kampfhundschwein	1
Kampfschwein	48
Kaninchendreck	2
Kapitalguru	1
Kapitalismusapostel	1
Kapitalistenschwein	22
Kapphengst	1
Karnevalskönig	8
Karottenkönig	12
Karpfenguru	1
Karrierehengst	2
Kartoffelkönig	14
Kastenschwein	1
Katastrophenapostel	1
Katharerpapst	2
Katholikenschwein	2
Katzendreck	8
Katzenschwein	1
Kegelkönig	21
Kehrdreck	16
Keifbolzen	1
Keilschwein	1
Kernbolzen	1
Kesselhengst	1
Kettenbolzen	8
Ketzerkönig	13
Ketzerschweine	1
Kielbolzen	23
Kiezkönig	8
Killer-Wildschweinen	1
Kinderkönig	11
Kindkönig	17
Kinohengst	1
Kirchenapostel	1
Kirchenpapst	1
Kitschbolzen	1
Klampfengott	1
Klassehengst	1
Klassenschwein	1
Klassenzusammenarbeitsapostel	1
Klassikerpapst	1
Klaviergott	8
Klebebolzen	1
Kleinkönig	27
Kleintierpapst	1
Klempnergott	2
Kletterguru	2
Klonschweine	2
Klopphengst	21
Knabstrupperhengst	1
Knappendreck	1
Knochenpapst	1
Knuddelschwein	1
Kohlrabiapostel	5
Koko-pok-guru	2
Kolbenbolzen	14
Kollegenschweine	3
Kommerzdreck	1
Kommunenguru	13
Kommunikationsguru	3
Komödiengott	2
Komparsenschwein	2
Kompetenzbolzen	1
Komponistenguru	1
Konditionsbolzen	5
Konfliktpapst	1
Konservierungsdreck	2
Konsumapostel	1
Konusbolzen	2
Konzertpapst	1
Konzilspapst	17
Kopfbolzen	2
Koppelhengst	1
Koptenpapst	2
Koranapostel	1
Körperguru	1
Körperwelten-Ausstellungsguru	1
Kortisonpapst	1
Krächzbolzen	1
Kraftapostel	2
Kraftbolzen	14
Krähenkönig	11
Krankheitsdreck	1
Kratzbolzen	1
Kräuterpapst	2
Krautrockikone	1
Kreativbolzen	1
Kreativgott	4
Kreativitätsguru	1
Krebsgott	1
Kreuzigungsikone	4
Kreuzkopfbolzen	2
Kriegspapst	1
Kritikerguru	1
Kritikerpapst	49
Kritikpapst	1
Krokodilkönig	7
Kryptoguru	1
Kübeldreck	3
Küchengott	22
Kugelbolzen	1
Kugelguru	2
Kultgott	3
Kultikone	1
Kulturapostel	3
Kulturkampfikone	1
Kulturpapst	15
Kunstapostel	2
Kunstguru	1
Kunstpapst	7
Kunststoffbolzen	1
Kupferbolzen	2
Kuppelbolzen	1
Kupplungsbolzen	3
Kurbelwellenbolzen	1
Kürbiskönig	8
Kuschelguru	1
Laborhengst	1
Laborschweine	1
Lagerbolzen	3
Laienapostel	3
Lamettahengst	1
Landesapostel	1
Landesguru	1
Landschweins	2
Landwirtschaftsdreck	1
Langobardenkönig	20
Lastengott	1
Lästerschwein	56
Läuferikone	1
Läuferschweine	1
Laufguru	6
Laufpapst	3
Lebensdreck	1
Lebensmittelpapst	1
Lebensretterschwein	4
Lederhosenguru	1
Leibeigenschaftsapostel	1
Leidensgott	2
Leihhengst	2
Leinwandikone	3
Leistungsapostel	3
Leithengst	53
Leitikone	1
Lesekönig	8
Leuchtschweins	1
Leuenkönig	10
Lichkönig	7
Lichtapostel	1
Liebesapostel	2
Liebesgott	97
Liebesschwein	1
Lieblingsapostel	4
Lieblingsgott	9
Lieblingshengst	4
Lieblingsikone	2
Lieblingspapst	2
Lieblingsschwein	4
Liederpapst	1
Limbogott	10
Linguistenpapst	1
Linienrichtergott	4
Lipizzanerhengst	2
Literaturikone	3
Literaturpapst	158
Logistikpapst	1
Lohnzurückhaltungsapostel	2
Lottokönig	27
Löwengott	5
Löwenkönig	12
Lückenfüllergott	1
Luderdreck	2
Luftkönig	7
Luftpapst	2
Lügenapostel	2
Lügenbolzen	2
Lukasikone	1
Lusitanohengst	3
Lustbolzen	1
Lusthengst	1
Lyderkönig	12
Lyrikgott	1
Lyrikikone	1
Madonnenikone	3
Makedonenkönig	20
Malerschweins	1
Managementguru	13
Mangalizaschwein	1
Manierenpapst	1
Männerapostel	1
Männerikone	1
Märchenkönig	177
Märchenpapst	1
Marienikone	65
Marienpapst	3
Marionettenpapst	1
Markenschwein	3
Marketingguru	2
Marketingpapst	3
Marktapostel	1
Marktgott	2
Markusikone	1
Marmorapostel	1
Marmorgott	2
Marzipanschweine	8
Maskenguru	1
Maskenschweinen	1
Mäßigkeitsapostel	3
Mastschweins	4
Maurenkönig	7
Mausdreck	5
Mäusedreck	13
Mausekönig	60
Mäusekönig	45
Meckerbolzen	3
Medicipapst	1
Medienapostel	3
Mediendreck	1
Mediengott	1
Medienguru	7
Medienhengst	2
Medienpapst	39
Medizinpapst	5
Meeresgott	128
Meereskönig	9
Meerhengst	3
Meerkönig	12
Meerschweins	2
Meinungsdreck	1
Menschenrechtsapostel	3
Menschheitsapostel	1
Menschschweine	1
Merchandisedreck	1
Merowingerkönig	21
Messepapst	6
Messiaskönig	11
Messingbolzen	1
Metallbolzen	19
Metallschwein	3
Milbendreck	1
Minenguru	1
Miniaturguru	2
Minihengst	1
Minischwein	21
Minischweinen	12
Minusgott	1
Mistapostel	1
Mistbolzen	1
Mithrilbolzen	1
Moabiterkönig	7
Möchtegernguru	1
Möchtgernhengst	1
Modeguru	6
Modeikone	3
Modellbahnpapst	1
Modepapst	4
Modernisierungspapst	7
Modernitätsikone	1
Moerderpapst	2
Mohrenkönig	12
Mönchsgott	6
Mönchspapst	1
Monddreck	1
Mondkönig	8
Monsterdreck	1
Moorkönig	26
Moralapostel	517
Moralbolzen	1
Moralpapst	3
Moralsapostel	1
Mormonenapostel	1
Mörteldreck	1
Mosaikikone	2
Moslemdreck	1
Motivationsguru	9
Motorbefestigungsbolzen	1
Motorenpapst	2
Mövendreck	1
Möwendreck	1
Müllkönig	8
Müllschwein	3
Multimediapapst	1
Mumienkönig	10
Musicalpapst	2
Musikantenkönig	7
Musikbolzen	1
Musikgott	2
Musikguru	1
Musikikone	1
Mustanghengst	1
Mutterschweinen	6
Nachbarschweinen	1
Nachbarshengst	1
Nachfrageapostel	1
Nachhaltigkeitsapostel	1
Nachtclubhengst	1
Nachthengst	3
Nachwuchshengst	2
Narrenbolzen	1
Narrenkönig	50
Narrenpapst	3
Nasenpapst	2
Nationalgott	17
Nationalikone	3
Naturalistenpapst	1
Naturapostel	13
Naturgott	14
Natürlichkeitsapostel	1
Nazidreck	5
Negativgott	1
Negerpapst	1
Nervbolzen	7
Nervenbolzen	1
Netzapostel	1
Netzguru	1
Netzwerkpapst	1
Neutralitätsapostel	2
Nichtgott	3
Nichtschweine	1
Nietbolzen	3
Normannenkönig	12
Numiderkönig	9
Nutzfahrzeugikone	1
Nutzschweinen	2
Oberbolzen	1
Oberguru	66
Oberpapst	1
Oberschweine	1
Objektivapostel	2
Obstguru	1
Oder-bolzen	2
Ofenpapst	1
Offenbarungsgott	4
Ökoapostel	4
Operettendreck	1
Operettenkönig	8
Opfergott	1
Opferikone	2
Orakelgott	11
Orakelschwein	1
Orangeguru	1
Organisationsguru	4
Organschwein	1
Osterikone	2
Osterschweinen	4
Ostgotenkönig	37
Otterkönig	11
Pacellipapst	1
Pachthengst	1
Pädagogikpapst	2
Paddelpapst	1
Palominohengst	1
Pampelschwein	1
Panthergott	1
Panzerpapst	1
Papierkönig	9
Papierpapst	1
Parkinsonpapst	1
Parteihengst	1
Parteilichkeitsapostel	2
Parteipapst	1
Partnerhengst	1
Partyhengst	14
Partykönig	23
Passbolzen	1
Passivhauspapst	1
Patientenguru	1
Patronatsikone	2
Pegasushengst	1
Peilbolzen	1
Penetranzbolzen	1
Perserkönig	207
Personengott	5
Petrolpapst	1
Pfeifbolzen	2
Pfeifenpapst	2
Pferdedreck	1
Pferdeguru	3
Pferdehengst	6
Pferdepapst	1
Pfingstapostel	1
Pfingstdreck	3
Pflegergott	2
Pfostenbolzen	1
Pfützendreck	1
Pharmadreck	1
Philosophengott	3
Philosophenkönig	33
Phönixkönig	17
Phrasenschwein	90
Physikguru	1
Physikpapst	1
Pilzbolzen	3
Pilzkönig	25
Pilzpapst	1
Pintohengst	1
Piratenkönig	19
Piratenschwein	7
Pixelapostel	1
Pixeldreck	1
Pixelpapst	6
Plasmabolzen	1
Plastikbolzen	1
Plastikdreck	4
Platinbolzen	1
Plättbolzen	2
Plattenapostel	1
Plattenpapst	1
Plüschschwein	9
Polenkönig	26
Polenpapst	1
Politguru	2
Politikguru	1
Politikschweine	2
Polizeigott	1
Polizistenschweine	1
Poltergott	1
Polygott	1
Pomadenhengst	1
Pommernapostel	1
Populärkulturguru	1
Pornokönig	10
Porzellangott	2
Porzellanschwein	1
Possenkönig	21
Posterikone	1
Potenzhengst	1
Prachthengst	1
Prachtschweine	1
Praktikantendreck	3
Prämienhengst	5
Preßbolzen	1
Presseschweine	1
Preußenkönig	386
Preußenschwein	1
Priesterkönig	61
Printpapste	1
Privatguru	2
Privathengst	1
Privilegienschwein	5
Probierhengst	4
Produktionsgott	1
Produzentengott	1
Produzentenguru	2
Programmiererschwein	2
Projektorenpapsts	1
Protestschwein	1
Prothesenpapst	1
Pseudoapostel	3
Pseudopapst	3
Psychiaterguru	1
Psychoguru	2
Psychologenpapst	1
Psychopathenschwein	2
Pudelkönig	8
Punkerschwein	1
Puppenkönig	8
Pustelschweine	2
Quarterhengst	5
Querbolzen	2
Querkraftbolzen	1
Quermutterbolzen	3
Quotenkönig	15
Quotenpapst	1
Rabengott	4
Rabenkönig	9
Rachepapst	2
Radiogott	1
Radioikone	1
Radiopapst	1
Radsportikone	1
Rappenhengst	1
Rassehengst	2
Rassistenschwein	3
Rationalisierungspapst	1
Rätselkönig	11
Rattendreck	5
Rattengott	2
Rattenkönig	73
Ratzipapst	2
Raubapostel	1
Raucherdreck	1
Rechenkönig	7
Redeverbotsapostel	1
Reformapostel	1
Reformguru	1
Reformpapst	25
Reformpapsts	1
Reformschweine	1
Regelpapst	2
Regenkönig	37
Regieguru	1
Reinheitsapostel	2
Reiseapostel	2
Reisedreck	1
Reiseführergott	1
Reiseguru	1
Reisepapst	10
Reithengst	1
Reitpferdehengst	3
Reitponyhengst	5
Reitschwein	1
Reliefikone	1
Religionsapostel	2
Remiskönig	23
Renaissancepapst	7
Renegatenschweine	1
Rennfahrerikone	1
Rentenpapst	2
Reserveschlagbolzen	1
Restdreck	2
Rettungsguru	1
Revierhengst	3
Rheinländerhengst	1
Rhetorikguru	1
Richtergott	18
Richterschwein	1
Riegelbolzen	1
Riesenbolzen	1
Riesenhengst	2
Riesenkönig	9
Riesenschwein	39
Riffbolzen	1
Rindergott	1
Rindschweine	1
Ringbolzen	4
Ringerikone	2
Rinnsteindreck	1
Ritzendreck	7
Rockikone	2
Rockpapst	1
Rockschwein	1
Rohkostguru	5
Rohkostpapst	1
Rollschweinen	1
Rosenkönig	79
Rotlichtkönig	7
Rotorbolzen	1
Rotzdreck	1
Rübenkönig	21
Ruhrgebietsikone	1
Rundbolzen	1
Rüsselschweine	1
Russenhengst	1
Russenikone	1
Saatengott	1
Sachsenkönig	23
Sachsenschwein	1
Sambagott	1
Sängerpapst	1
Satuguru	1
Säulenapostel	1
Schachkönig	13
Schäferschwein	5
Schaftbolzen	12
Schakalgott	6
Schälhengst	1
Scharnierbolzen	5
Schattenbolzen	2
Schattengott	1
Schattenkönig	16
Schauspielerikone	1
Schauspielguru	1
Schauspielikone	1
Scheckhengst	4
Scheingott	1
Scherbolzen	1
Schiebebolzen	1
Schiedsrichterschwein	1
Schießbolzen	2
Schimmelhengst	28
Schinkengott	1
Schismapapst	1
Schlafdreck	1
Schlagbolzen	61
Schlagerapostel	1
Schlagfertigkeitspapst	1
Schlammschwein	2
Schlangenkönig	79
Schleimbolzen	15
Schlichtheitsapostel	1
Schließbolzen	3
Schließringbolzen	1
Schlitzhengst	1
Schmierdreck	2
Schmökerschwein	2
Schmugglerkönig	8
Schneckenpapst	1
Schneekönig	151
Schnullerschwein	1
Schokoladenschweine	1
Schönheitsapostel	3
Schönheitsikone	1
Schönheitspapst	1
Schönhengst	1
Schöpfergott	570
Schraubbolzen	3
Schraubenbolzen	1
Schraubendreck	1
Schreckenskönig	9
Schreibergott	7
Schreibguru	1
Schreibstubenhengst	2
Schreibtischhengst	2
Schriftgott	1
Schriftikone	1
Schrottgott	1
Schuldapostel	1
Schuldenkönig	9
Schulhengst	5
Schussbolzen	2
Schußbolzen	2
Schützengrabendreck	2
Schützenkönig	185
Schwalbengott	5
Schwalbenkönig	21
Schwammerlguru	1
Schwanenkönig	20
Schwedenhengst	2
Schwedenkönig	79
Schweinedreck	1
Schweißhengst	1
Schweizerapostel	1
Schwertbolzen	1
Schwingenlagerbolzen	1
Schwulenikone	2
Seelenguru	1
Seelsorgepapst	1
Segelikone	2
Sehergott	1
Seifengott	1
Sektenapostel	1
Sektengott	2
Sektenguru	23
Selbsthilfeguru	1
Septemberpapst	1
Seriendreck	1
Setzbolzen	6
Seucheschweinen	1
Sexualpapst	1
Shettyjährlingshengst	2
Showhengst	2
Sicherheitsapostel	5
Sicherheitsbolzen	1
Sicherheitspapst	2
Sicherungsbolzen	12
Siegerhengst	30
Sikhguru	1
Silberhengst	1
Sittenapostel	3
Sittlichkeitsapostel	1
Sitzgurtbolzen	2
Slawenapostel	35
Smartmarkguru	2
Softiegott	1
Softwarepapst	2
Sohnesgott	2
Solarenergiepapst	1
Solarpapst	7
Soldatenkönig	261
Soldatenschwein	2
Söldnerschweinen	1
Sommergott	1
Sondergott	3
Sonnenfinsternispapst	1
Sonnenkönig	663
Sonnenpapst	1
Soundguru	2
Sozialapostel	4
Sozialpapst	1
Sozipapst	1
Spannbolzen	1
Sparapostel	3
Sparschweines	1
Spartanerkönig	12
Spatzenpapst	1
Sperrbolzen	1
Sperrmüllkönig	8
Spieleguru	1
Spielgott	2
Spielschwein	1
Spießerschweine	2
Spitzenhengst	7
Splatterfilmguru	1
Splattergott	1
Splatterguru	1
Splatterpapst	1
Sportapostel	2
Sportguru	1
Sportpapst	1
Sportschwein	1
Sprachdreck	1
Sprachikone	1
Sprachpapst	2
Sprengbolzen	6
Springhengst	5
Springschweine	1
Sprintkönig	15
Sprühdosenwandbildgott	1
Staatsikone	1
Stabilitätsapostel	1
Stadtikone	3
Staffageschweine	1
Stahlbolzen	24
Stammapostel	502
Stammbolzen	1
Stammesgott	28
Standortdreck	1
Starapostel	1
Starikone	2
Startdreck	1
Stasischwein	2
Statistikapostel	2
Statistikguru	1
Stauferkönig	25
Steckbolzen	7
Stehbolzen	14
Steinapostel	1
Stempelhengst	4
Steppenzebrahengst	1
Sternenguru	1
Sternenkönig	9
Sterngott	1
Steuermoralapostel	2
Steuerpapst	2
Stiergott	10
Stilikone	9
Stimmenkönig	14
Stimmungsdreck	1
Stinktierdreck	1
Strahlendreck	11
Strahlenpapst	2
Straßenbahnpapst	2
Strategieguru	1
streetballgott	1
Streithengst	4
Stromgott	14
Sturmgott	20
Sturmkönig	8
Suchtbolzen	2
Sumpfschwein	1
Sündendreck	1
Superdreck	1
Superguru	7
Superhengst	2
Superschwein	9
Surferikone	1
Sylvesterhengst	1
Sympathiebolzen	5
Synchronisationsikone	1
Synthiegott	1
Systemguru	1
Taktikguru	1
Tankerkönig	10
Tastenguru	1
Tastenhengst	6
Taubendreck	60
Taufgott	1
Technikapostel	1
Technikguru	1
Tempeldreck	2
Tempelgott	1
Temperamentsbolzen	14
Tempobolzen	8
Tendaguru	7
Tennisguru	2
Tennisikone	1
Terragigaguru	1
@Terragigaguru	2
Terrorguru	1
Teufelsbolzen	1
Teufelsdreck	24
Teufelshengst	2
Teutonenschweine	1
Textilguru	3
Theaterguru	6
Theorieguru	1
Therapieguru	1
Tierrechtsapostel	1
Tierschutzguru	1
Tigergott	1
Tigerscheckhengst	1
Tinkerhengst	3
Titularkönig	9
Torfschwein	1
Torschützenkönig	805
Torwartgott	12
Tourismusguru	1
Touristenikone	2
Trainerguru	4
Trainerikone	1
Trakehnerhengst	1
Transportbolzen	2
Traufgott	1
Traugott	594
Traumhengst	2
Traumkönig	10
Trendguru	3
Trennbolzen	1
Tresorbolzen	2
Tricksergott	1
Trolldreck	1
Trollkönig	12
Trommelgott	2
Trommelguru	1
Trompetenguru	1
Trompetenschwein	1
Trüffelguru	1
Trüffelschweinen	5
Tugendapostel	2
Türbolzen	1
Turboschweinen	1
Türkenkönig	19
Türkenschwein	1
Turnierhengst	1
Überguru	2
Überübergott	1
Umweltapostel	2
Umweltdreck	3
Unabhängigkeitsapostel	1
Undergroundguru	1
Ungarnkönig	17
Ungarschwein	1
Unionskönig	13
Unterdrückerschwein	1
Untergangsapostel	2
Untergott	3
Unterkönig	17
Unterweltkönig	13
Urschöpfergott	1
Urschuhapostel	1
Urwaldgott	1
Vandalenkönig	15
Vätergott	3
Vaterschweine	1
Verankerungsbolzen	1
Veranstaltungsguru	1
Verbalikone	1
Verbandshengst	1
Verbindungsbolzen	6
Verbotsapostel	1
Verbrecherkönig	11
Verdummungsapostel	1
Vereinsdreck	1
Verkehrsgott	4
Verkehrsguru	1
Verklärungsikone	2
Verlustschwein	1
Vernunftapostel	1
Verriegelungsbolzen	4
Verschlussbolzen	7
Verschlußbolzen	1
Verschraubungsbolzen	1
Versöhnergott	1
Versöhnungsapostel	3
Versuchsschweinen	1
Vertäuensbolzen	1
Verzichtsapostel	4
Verzückungsgott	1
Vicekönig	14
Vierkantbolzen	2
vinylguru	15
Virginitätsapostel	1
Visionsapostel	1
Vitalitätsbolzen	1
Vitaminapostel	1
Vitaminguru	2
Vizeguru	1
Vizekönig	621
Vogelkönig	9
Völkerapostel	67
Volkskönig	12
Volkswirtschaftsapostel	1
Vollblutaraberhengst	2
Vollbluthengst	15
Vollschweinen	1
Vorschriftenhengst	1
Vorstandsschweine	1
Wachtelkönig	162
Wahlkönig	8
Wahlrechtsguru	1
Wahrheitsapostel	6
Walddreck	1
Waldesgott	2
Waldkönig	20
Waldorfguru	1
Walzerkönig	60
Wanderapostel	1
Wanderguru	1
Wandlitzschwein	1
Wappenkönig	9
Warmbluthengst	3
Warzenschwein	210
Wassergott	14
Wasserguru	1
Waßkönig	13
Waveikone	1
Wechselwirkungsgott	1
Weibergott	1
Weiberhengst	3
Weidehengst	1
Weiheikone	1
Weihnachtsgott	1
Weihnachtsikone	8
Weingott	38
Weinguru	3
Weinhengst	1
Weisheitsgott	4
Weißweinguru	1
Wellnessapostel	1
Welsh-Ponyhengst	1
Weltraumdreck	1
Weltuntergangsapostel	3
Weltuntergangsguru	1
Werbeguru	5
Werbekönig	8
Westgotenkönig	30
Westschweine	1
Wettbewerbsapostel	3
Wettergott	563
Wetterguru	1
Wettkönig	40
Wikingergott	1
Wikingerkönig	11
Wildhengst	1
Wildschwein	3566
Winterdreck	5
Winterkönig	120
Wirtschaftsguru	2
Wissensguru	2
Witzbolzen	1
Wohnungsschweine	1
Wollmilchschweine	2
Wollschweins	1
Wordspielschwein	1
Wortdreck	1
Wunderapostel	17
Wundergott	2
Wunderhengst	2
Wunderschwein	2
Wurzelguru	2
Wüstendreck	2
Zapfenschwein	1
Zauberkönig	25
Zaunkönig	803
Zebrahengst	9
Zeckendreck	1
Zeckenschwein	1
Zeigefingergott	1
Zeitikone	1
zickengott	1
Ziegengott	4
Ziegenschweinen	1
Zirkusdreck	1
Zirkusschwein	2
Züchterschweine	2
Zuchthengst	74
Zukunftsapostel	1
Zukunftshengst	1
Zündbolzen	1
Zweitgott	1
Zwergenkönig	107
Zwergenschwein	1
