Bilderbuchabsturz	1
Bilderbuchabteilung	1
Bilderbuchadaption	1
Bilderbuchalter	3
Bilderbuch-Altstadt	2
Bilderbuch-Amerikaner	5
Bilderbuchangriff	1
Bilderbuchanschauer	2
Bilderbuch-Anwesen	1
Bilderbuchaufenthalt	1
Bilderbuchauftakt	1
Bilderbuch-Ausleihe	1
Bilderbuchauslese	2
Bilderbuch-Ausstellung	1
Bilderbuchauswahl	1
Bilderbuchautorin	3
Bilderbuchbabe	2
Bilderbuchband	1
Bilderbuch-Bär	1
Bilderbuch-Bauchladentheater	1
Bilderbuchbauer	1
Bilderbuch-Bayern	2
Bilderbuchbereich	1
Bilderbuchbestand	1
Bilderbuch-Bestseller	1
Bilderbuchbetrachtung	61
Bilderbuchbetrieb	1
Bilderbuchbibliothek	1
Bilderbuchbiographie	1
Bilderbuchblatt	1
Bilderbuch-Blitzstart	1
Bilderbuchblonde	1
Bilderbuch-Blondine	2
Bilderbuch-Blüte	1
Bilderbuch-Bohème	1
Bilderbuchbonze	1
Bilderbuchburg	5
Bilderbuch-Bürger	1
Bilderbuch-Chaletdorf	1
Bilderbuch-Countdown	1
Bilderbuchdasein	1
Bilderbuchdebüt	1
Bilderbuchdirigenten	1
Bilderbuchdorf	17
Bilderbuchdüne	1
Bilderbuchecke	6
Bilderbuch-Edelmut	1
Bilderbuch-Effekt	1
Bilderbuch-Ehefrau	1
Bilderbuch-Ehepartner	1
Bilderbuch-Einstand	1
Bilderbuch-Engländer	1
Bilderbuchepisode	1
Bilderbucherarbeitung	1
Bilderbuch-Erfolgsstory	1
Bilderbuchergebnis	1
Bilderbuch-Erzählung	1
Bilderbuch-Eskalation	1
Bilderbuchfamilie	28
Bilderbuch-Familienvater	1
Bilderbuch-Farmer	1
Bilderbuchfassung	2
Bilderbuchfjord	1
Bilderbuch-Flugwetter	1
Bilderbuchforschung	1
Bilderbuch-Fuß	1
Bilderbuchgangster	1
Bilderbuchganove	1
Bilderbuchgeburt	5
Bilderbuch-Genuß	1
Bilderbuch-Geschichte	2
Bilderbuch-Gestaltung	1
Bilderbuchgrafik	1
Bilderbuch-Großformat	2
Bilderbuchgrundstück	1
Bilderbuch-Hafen	2
Bilderbuchhäftling	1
Bilderbuchhalbmond	1
Bilderbuchharmonie	2
Bilderbuchheldin	1
Bilderbuch-Hessentag	2
Bilderbuchhochzeit	1
Bilderbuchidyll	14
Bilderbuchillustration	12
Bilderbuch-Immobilie	1
Bilderbuchinszenierung	1
Bilderbuchintegration	1
Bilderbuch-Intellektueller	1
Bilderbuchjahrgang	2
Bilderbuch-Japaner	1
Bilderbuch-Kabinett	1
Bilderbuchkarriere	104
Bilderbuchkegel	2
Bilderbuchkindheit	2
Bilderbuch-Kleinstadt	1
Bilderbuchklima	1
Bilderbuch-Klinik	1
Bilderbuch-Kollektion	2
Bilderbuch-Konter	1
Bilderbuchkritik	1
Bilderbuch-Kugeltragen	1
Bilderbuchkulisse	11
Bilderbuch-Kulturbonze	1
Bilderbuchkunst	8
Bilderbuch-Künstler	1
Bilderbuch-Kuschelecke	1
Bilderbuchküste	1
Bilderbuchlandschaft	34
Bilderbuchlandung	3
Bilderbuchlauf	2
Bilderbuchlaufbahn	2
Bilderbuchlektüre	1
Bilderbuchlesen	2
Bilderbuch-Lesung	1
Bilderbuch-Licht	1
Bilderbuchmacho	1
Bilderbuchmädchen	1
Bilderbuchmafiosi	1
Bilderbuch-Mama	1
Bilderbuchmanier	1
Bilderbuch-Märchen	1
Bilderbuchmessias	2
Bilderbuch-Münchener	1
Bilderbuchmuseum	39
Bilderbuchnaturbursche	1
Bilderbuch-Nazi	1
Bilderbuch-Not	1
Bilderbuch-Oma	1
Bilderbuch-Paar	1
Bilderbuchpaket	3
Bilderbuch-Panorama	4
Bilderbuchpatientin	2
Bilderbuchplanwagen	1
Bilderbuch-Platanenallee	1
Bilderbuchpolizistin	1
Bilderbuchpräsident	1
Bilderbuchprinzessin	1
Bilderbuchproduktion	6
Bilderbuchprogramm	5
Bilderbuchprojekt	7
Bilderbuchputsch	1
Bilderbuchreaktion	1
Bilderbuch-Referenzen	1
Bilderbuchreihe	5
Bilderbuchreise	2
Bilderbuchreiseführer	1
Bilderbuchromantik	1
Bilderbuchsadist	1
Bilderbuchsaison	1
Bilderbuchschauen	1
Bilderbuch-Schildbürgerstreich	1
Bilderbuchschloss	1
Bilderbuchschmökerei	1
Bilderbuchseite	7
Bilderbuchsommer	7
Bilderbuchsommernacht	1
Bilderbuchsonntag	2
Bilderbuch-Sozi	1
Bilderbuch-Sozialarbeit	55
Bilderbuchspanien	2
Bilderbuch-Spaß	1
Bilderbuchsprache	1
Bilderbuchstadion	1
Bilderbuch-Städtchen	1
Bilderbuch-Start	2
Bilderbuchsteg	1
Bilderbuch-Stelle	1
Bilderbuchstil	2
Bilderbuch-Südstaatentyp	1
Bilderbuchsymptom	1
Bilderbuchszene	1
Bilderbuch-Thema	1
Bilderbuchtor	2
Bilderbuch-Türsteher	1
Bilderbuchvater	2
Bilderbuchvertreter	1
Bilderbuch-Villa	1
Bilderbuch-Vorfrühling	1
Bilderbuchvulkan	4
Bilderbuchwald	1
Bilderbuch-Weihnachtsmann	1
Bilderbuchwettbewerb	3
Bilderbuchwetter	72
Bilderbuchwinter	2
Bilderbuchwirtshaus	1
Bilderbuch-Wissenschaft	5
Bilderbuchwitterung	3
Bilderbuchwoche	1
Bilderbuchzeichner	1
Bilderbuch-Zeuge	2
Blitzabsprache	1
Blitzabwender	1
Blitzadapter	1
Blitzaffäre	1
Blitzaktivität	4
Blitzampel	11
Blitzangst	10
Blitzanschluss	10
Blitzarme	2
Blitzarten	2
Blitzäste	1
Blitz-Attacke	1
Blitzauswertung	2
Blitzautomat	1
Blitzballspieler	1
Blitz-Bauzeit	1
Blitzbenutzung	1
Blitzbesichtigung	1
Blitzbewertung	1
Blitzbingo	2
Blitzblähung	1
Blitzblume	3
Blitzbodenkarton	22
Blitzbomber	5
Blitzbrief	1
Blitzbrille	1
Blitzbulimie	1
Blitz-Casting	1
Blitz-Deportation	1
Blitzdiagnose	7
Blitzdichte	2
Blitzdichterin	1
Blitzdraht	1
Blitz-Ehe	3
Blitzeiche	1
Blitzeinbruch	51
Blitzeinsatz	7
Blitzeinschätzung	1
Blitzeinschlaghäufigkeit	1
Blitzeinstieg	1
Blitzeinwirkungen	2
Blitzeinzelmeisterschaften	3
Blitz-Eis	4
Blitzentladung	9
Blitzentscheid	7
Blitzentscheidung	4
Blitzerfolg	5
Blitzerlebnis	2
Blitzeroberung	1
Blitz-Evakuierung	1
Blitzexperte	2
Blitzfähigkeiten	4
Blitz-Fahrgestell	1
Blitzfänger	2
Blitzfeldzug	12
Blitzforscher	3
Blitz-Fotografie	1
Blitzführung	2
Blitzfunk	1
Blitzgeber	1
Blitzgeburt	2
Blitzgedanke	4
Blitzgefrieren	1
Blitz-Gegentore	1
Blitzgegner	1
Blitzgerät	239
Blitzgericht	1
Blitzgesetzesänderung	4
Blitzgewitter	35
Blitz-Gipfel	1
Blitzglut	1
Blitzgruß	1
Blitzguss	5
Blitz-Hefe	1
Blitzheilung	28
Blitzheirat	3
Blitzhypnose	28
Blitz-Hypnotiseur	1
Blitzidee	14
Blitzinfo	8
Blitzinterview	2
Blitzinvasion	2
Blitzjäger	2
Blitz-Journal	1
Blitzkameras	3
Blitzkampf	5
Blitzkarriere	75
Blitz-Käsekuchen	1
Blitzkassiererin	1
Blitzkatastrophen	1
Blitzkegel	1
Blitzknabe	1
Blitz-Knall	1
Blitzknallböller	1
Blitzkompensator	14
Blitzkrach	1
Blitzkrieg	770
Blitz-Kur	1
Blitzkurs	7
Blitzlampe	56
Blitzlehre	1
Blitzleim	1
Blitz-Lektion	1
Blitz-Lernen	3
Blitzlesen	5
Blitz-Licht	2
Blitzliteratur	1
Blitzlösung	1
Blitzmästung	1
Blitzmessadapter	1
Blitzmontagen	1
Blitzmörtel	1
Blitzmuffel	2
Blitznähe	1
Blitznarbe	4
Blitzneiger	1
Blitzniederlage	2
Blitzoperation	4
Blitzopfern	2
Blitz-Orgasmus	2
Blitzortung	3
Blitzparty	1
Blitzpfeil	13
Blitzprofi	1
Blitz-Protestaktion	1
Blitzrasur	2
Blitz-Raub	1
Blitz-Recherche	3
Blitzrechnens	1
Blitzrechnung	2
Blitzreflexe	2
Blitz-Reflexionen	1
Blitzreinigung	1
Blitzreise	12
Blitzresistenz	6
Blitzrezept	4
Blitzröhre	3
Blitz-Rücktritt	1
Blitzsalve	3
Blitzsätzen	6
Blitzsauberkeit	2
Blitzschach	61
Blitzscheidung	22
Blitzschicht	1
Blitzschlag	1114
Blitzschwert	1
Blitzsekunde	1
Blitzsensor	1
Blitzsicherheit	1
Blitzsieg	37
Blitzsimulator	1
Blitzsimultankampf	1
Blitzsöldner	1
Blitzspezialist	4
Blitzspieler	2
Blitzstärke	4
Blitz-Steuerung	1
Blitzstrom	6
Blitzsystem	6
Blitztage	2
Blitztechnik	6
Blitztelegram	1
Blitztest	2
Blitz-Tiebreak	4
Blitztipp	2
Blitztor	15
Blitz-Totem	1
Blitzträger	2
Blitztreffen	1
Blitzübersichtskarte	1
Blitz-Umfrage	30
Blitzurlaub	6
Blitzurteil	2
Blitzvisite	8
Blitz-Vormachtsstellung	1
Blitz-Vortrag	2
Blitzwahl	4
Blitz-Wahlkampftour	1
Blitzwand	4
Blitzwechsel	1
Blitzwelle	1
Blitz-Widerstand	8
Blitz-Wochenende	1
Blitzzauber	26
Blitzzügen	1
Bombenabwurf	341
Bombenabwurfgebiet	1
Bomben-Abwurf-Platz	1
Bombenabwurftestgelände	1
Bombenabwurfzone	4
Bombenalarm	169
Bombenanschlagabwehr-Trupp	1
Bomben-Arbeitsplatz	1
Bombenattacke	18
BOMBEN-ATTENTAT	1
Bomben-Attentäter	5
Bombenattrappe	37
Bombenauftakt	2
Bombenbastelei	1
Bombenbauer	94
Bombenbeginn	1
Bombenbehälter	3
Bombenbeitrag	1
Bombenbekämpfung	2
Bomben-Beschluß	1
Bomben-Blindgänger	2
Bombenchance	1
Bombendesign	1
Bombendetektor	2
Bombendetonation	17
Bombendiktat	1
Bombending	1
Bombendröhnen	1
Bombendrohung	593
Bombeneinsatzkommando	2
Bombeneinstand	3
Bombeneinwirkung	13
Bombenentschärfung	70
Bomben-Entscheidung	3
Bombenergebnis	3
Bombenevakuierte	2
Bomben-Experte	4
Bombenexplosion	600
Bombenfächer	1
Bomben-Falle	1
Bombenfallout	2
Bombenfamilie	1
Bombenfehlalarme	1
Bombenfehlwurf	1
Bombenfeuerwerk	1
Bombenfimmel	1
Bombenfliegern	3
Bombenflüchtlingsfahrt	1
Bombenfolter	1
Bombenform	15
Bombenfreistoß	1
Bombenfund	42
Bombengedröhn	1
Bombengeknalle	1
Bombengeschwader	41
Bombengestell	2
Bombengewicht	3
Bombengewitter	2
Bombengott	1
Bombengräuel	4
Bombengründen	1
Bombengürtel	58
Bombenhagel	477
Bombenhersteller	2
Bombenhirn	5
Bombenhund	1
Bomben-Hysterie	1
Bombenidee	3
Bombeninferno	29
Bombeningenieur	1
Bombenjahr	5
Bomben-Job	1
Bombenjunge	2
Bomben-Kader	1
Bombenkalorimetrie	2
Bombenkampagne	54
Bombenkandelaber	3
Bombenkanone	4
Bombenkanzler	2
Bombenkarriere	1
Bombenkern	2
Bombenkessel	1
Bombenkette	2
Bombenkinder	2
Bombenkippe	1
Bombenkoffer	3
Bomben-Kombination	2
Bombenkomponenten	3
Bomben-Kondition	1
Bombenkongress	1
Bombenkörper	8
Bombenkrater	82
Bomben-Krieg	4
Bombenkugel	1
Bombenkurs	2
Bombenladeraum	1
Bombenlauf	1
Bombenleger	501
Bomben-Leistung	1
Bombenlied	5
Bomben-Luke	1
Bomben-Massenmassaker	1
Bomben-Mission	1
Bombenmodus	1
Bombenmörser	1
Bombennacht	500
Bombenneigung	1
Bombenneurose	1
Bombenopfer	196
Bombenopfergräberfeld	3
Bombenpeter	1
Bombenplatte	1
Bombenplatz	16
Bombenpolitik	7
Bombenpotential	5
Bombenpraxis	1
Bombenpreis	1
Bomben-Produktionsstätte	1
Bombenprozeß	1
Bombenquote	2
Bomben-Rakete	1
Bombenräumung	6
Bombenreklame	1
Bombenreportage	1
Bombenrest	3
Bombenrichtgerät	2
Bombenring	1
Bombenritt	1
Bombenrohr	35
Bombenrücklaufergebnis	1
Bombenruine	1
Bombensalve	2
Bombenschacht	14
Bombenschaden	154
Bombenschlacht	2
Bombenschmeißen	2
Bomben-Schmuggel	2
Bombenschnitt	2
Bombenschock	1
Bombenschutt	10
Bombenschutzkeller	4
Bombenserie	59
Bombensicherheit	3
Bombensituation	1
Bombensoftware	1
Bomben-Spaß	2
Bombenspektakel	1
Bombenspezialist	2
Bombenspielplatz	1
Bombensplitter	61
Bombensprengung	4
Bombenspuren	2
Bombenspurt	1
Bombenstart	4
Bombenstoff	27
Bombenstürmen	1
Bombensucharbeiten	1
Bombentasche	14
Bombenteam	1
Bombentechnik	4
Bombentechnologie	4
Bombenteil	3
Bombenteppich	157
Bombenterror	451
Bombentest	20
Bombenthema	1
Bombenthese	1
Bombentrack	1
Bombentrichter	165
Bombenüberraschung	2
Bomben-Unfall	2
Bombenunglück	1
Bombenverbindung	1
Bombenverdacht	11
Bombenverschwörung	1
Bomben-Verstärker	1
Bombenversteck	4
Bomben-Verwundungen	1
Bomben-Verzögerung	1
Bombenvolltreffer	7
Bombenvorhaben	1
Bombenwahlerfolg	1
Bombenwarnung	23
Bombenwein	1
Bombenwerfer	49
Bombenwetter	14
Bombenwitz	1
Bombenwoche	2
Bomben-Wochen	1
Bombenwurfangriff	1
Bomben-Zündkabel	1
Bomben-Zündung	1
Glanzabend	1
Glanzabitur	1
Glanzaktion	1
Glanzakzent	2
Glanzanteil	2
Glanzarbeit	1
Glanzaufnahme	1
Glanzauftritt	5
Glanzauge	2
Glanzbeere	1
Glanzbeispiel	3
Glanzbeschichtung	2
Glanzbesetzung	1
Glanzbezug	1
Glanzbild	23
Glanzbildchen	2
Glanzbrand	3
Glanzbroschüre	6
Glanzcover	1
Glanzcreme	2
Glanzdarstellung	1
Glanz-Disziplin	1
Glanz-Effekt	1
Glanzeigenschaften	2
Glanz-Email-Masse	1
Glanzentfaltung	1
Glanzepisode	3
Glanzepoche	5
Glanzextemporale	1
Glanzfach	1
Glanzfarbe	8
Glanzfasan	2
Glanzfassade	4
Glanzfehler	4
Glanzfeinheit	1
Glanzfigur	1
Glanzflut	1
Glanzfolge	4
Glanzfolie	8
Glanzform	18
Glanzformat	1
Glanzfuge	2
Glanzgänse	4
Glanzgarn	2
Glanzgefieder	2
Glanzgefilde	1
Glanzgesicht	1
Glanzgestein	2
Glanzgold	2
Glanzgrad	46
Glanzhaare	1
Glanzhaut	2
Glanzheftchen	5
Glanzheide	1
Glanzhelm	2
Glanzidee	7
Glanzjahr	5
Glanzkäfer	6
Glanz-Kapitel	1
Glanzkarriere	2
Glanzkarton	8
Glanzkartonbogen	2
Glanzkattun	1
Glanz-Klasse	1
Glanzkölbchen	6
Glanz-Komödie	1
Glanzkraut	4
Glanzkreiß	2
Glanzkuren	1
Glanzleder	6
Glanzleinen	3
Glanzleinwand	2
Glanzleistung	837
Glanzlicht	967
Glanzlidschatten	2
Glanzlook	1
Glanzmagazinen	3
Glanzmähne	1
Glanzmarkierungen	2
Glanzmeer	1
Glanzminute	1
Glanzmittel	2
Glanzmoment	1
Glanznägel	2
Glanznoten	3
Glanznummer	38
Glanz-Optik	2
Glanzpaket	6
Glanzpapier	102
Glanzpapierprospekt	2
Glanzparade	350
Glanzpartie	29
Glanzpartikel	4
Glanzperiode	27
Glanzphase	5
Glanzpigmente	4
Glanzpolitur	1
Glanzpremiere	1
Glanzprospekt	1
Glanzpunkt	796
Glanzreaktion	2
Glanzresultat	3
Glanzrolle	77
Glanzrose	1
Glanzrouge	1
Glanzruß	5
Glanzsaat	8
Glanzsaison	1
Glanzsamen	2
Glanzschicht	8
Glanzschuppen	4
Glanzseide	1
Glanzseite	7
Glanzshampoo	1
Glanzshorts	1
Glanzsieg	2
Glanzsignal	1
Glanzsilber	2
Glanzsittiche	4
Glanzspray	9
Glanzspülung	5
Glanzstar	4
Glanzstart	2
Glanzstellen	5
Glanz-Sterbe-Arie	1
Glanzstern	21
Glanzstiefel	1
Glanzstoff	15
Glanzstrauch	2
Glanzstreifen	7
Glanzstrumpfhose	2
Glanzstück	814
Glanzstückchen	4
Glanzstunde	33
Glanzsucht	3
Glanztat	145
Glanztongefäß	2
Glanztonüberzug	2
Glanztrocknung	1
Glanztupfer	1
Glanzumschlag	2
Glanzuniversität	1
Glanzunterschiede	5
Glanzvergoldung	2
Glanzviertel	2
Glanzvorstellung	20
Glanzwelt	2
Glanzwerke	40
Glanzwinkel	8
Glanzwirkung	1
Glanz-Wolfsmilch	1
Glanzwort	1
Glanzzeit	751
Glanzzwiebel	1
Heidenachtung	1
Heidenadler	1
Heidenaltar	1
Heidenangst	117
Heidenanhänger	1
Heidenapostel	25
Heidenarbeit	71
Heidenaufstand	2
Heidenaufwand	12
Heidenbammel	1
Heidenbaum	1
Heidenbekehrung	11
Heidenbelagerung	1
Heidenbeschreibung	2
Heidenbewegung	1
Heidenblut	11
Heidenblütenzeit	1
Heidenbrauch	3
Heidenbrut	3
Heidenburg	47
Heidenchristen	277
Heidenchristenheit	1
Heidenchristentum	19
Heidendorf	1
Heidenepos	1
Heidenescher	1
Heidenfahne	1
Heidenfahrt	4
Heidenfeld	16
Heidenfest	5
Heidenfeuer	1
Heidenforum	3
Heidenfrau	1
Heidenfrauen	1
Heidenfreude	3
Heidenfurcht	1
Heidengaudi	1
Heidengeist	1
Heidengeister	1
Heidengejohle	1
Heidengeld	90
Heidengemeinde	2
Heidengemeinschaft	1
Heidengermanen	1
Heidengeschäft	2
Heidengeschichten	1
Heidengesocks	1
Heidengestalten	1
Heidenglaube	2
Heidengott	13
Heidengötter	15
Heidengraben	14
Heidengräber	2
Heidenhain	39
Heidenhaus	1
Heidenhäuser	1
Heidenjunge	2
Heidenkampf	8
Heidenkäse	1
Heidenkate	2
Heidenkäte	1
Heidenkäthe	1
Heidenkind	23
Heidenkindlein	1
Heidenkirche	21
Heidenkirchhof	5
Heidenkönig	9
Heidenkopf	1
Heidenkrach	2
Heidenkral	1
Heidenkrieg	8
Heidenkult	2
Heidenland	19
Heidenlande	1
Heiden-Lärm	1
Heidenlehre	1
Heidenlied	4
Heidenmailingliste	3
Heidenmarterl	1
Heidenmassakrieren	2
Heidenmasse	1
Heidenmauer	14
Heidenmissionar	17
Heidenmissionierung	3
Heidenmissionsarbeit	1
Heidenmissionsgottesdienst	1
Heidenmisssion	1
Heidenmord	1
Heidenmühe	1
Heidenmütter	2
Heiden-Mystik-Forum	2
Heidennacht	2
Heidenoldendorf	12
Heidenpack	1
Heidenpastor	1
Heiden-Peter	2
Heidenpredigt	7
Heidenpriester	25
Heidenprozession	1
Heidenquelle	1
Heidenrabbi	1
Heidenradau	1
Heidenreligion	3
Heidenreligon	2
Heidenrespekt	44
Heidenriegel	1
Heidenrunde	1
Heidenschanze	30
Heidenschar	2
Heidenscharen	1
Heidenscheich	1
Heidenschiss	1
Heidenschloss	1
Heidenschrecken	3
Heidenschule	1
Heidenschuß	1
Heidenseele	1
Heidensinn	1
Heidensklave	1
Heidensohn	1
Heidenspaß	367
Heidenspuk	2
Heidenstamm	1
Heidenstecker	2
Heidenstein	9
Heidenstieg	1
Heidenstolz	4
Heidenstrasse	1
Heidenstraße	4
Heidenstress	1
Heidenstube	11
Heidensymbol	2
Heidenszene	24
Heidentaufe	5
Heiden-Teil	1
Heidentheater	8
Heidentöten	1
Heidentradition	2
Heidenturm	5
Heidentürmchen	1
Heidenunrat	1
Heidenverehrer	1
Heidenverfolgung	2
Heidenvergnügen	1
Heidenverlag	4
Heidenvolk	9
Heidenvölker	51
Heidenwahn	1
Heidenwall	1
Heidenweib	2
Heiden-Welt	1
Heidenwerfen	1
Heidenwerk	3
Heidenwirt	1
Heidenwochenende	1
Heidenzeit	27
Heidenzeiten	1
Jahrhundertabstand	1
Jahrhundert-Alben	1
Jahrhundertalent	3
Jahrhundertangabe	1
Jahrhundert-Attentat	1
Jahrhundertaufgabe	62
Jahrhundertaufzeichnungen	1
Jahrhundertaugust	1
Jahrhundertausgabe	8
Jahrhundertausgang	1
Jahrhundertausklang	11
Jahrhundertauswahl	1
Jahrhundertautor	3
Jahrhundert-Baby	1
Jahrhundertbaisse	2
Jahrhundertbau	6
Jahrhundertbegabung	2
Jahrhundertbeginn	41
Jahrhundertbegriff	14
Jahrhundertbesuch	1
Jahrhundertbetrachtung	1
Jahrhundertbetrug	3
Jahrhundertbilanz	35
Jahrhundertblamage	1
Jahrhundert-Bücher	1
Jahrhundertbyte	4
Jahrhundert-Cellist	2
Jahrhundertchirurg	4
Jahrhundertchronik	10
Jahrhundertcollage	3
Jahrhundertdeal	7
Jahrhundertdenkmal	1
Jahrhundertdeutscher	2
Jahrhundertdrama	1
Jahrhundertdurchschnitt	1
Jahrhundert-Edition	6
Jahrhundertende	63
Jahrhundertentdeckung	8
Jahrhundertentwicklung	1
Jahrhundert-Erdbeben	1
Jahrhunderterfindung	3
Jahrhunderterfolg	1
Jahrhunderterinnerung	2
Jahrhundert-Fahrer	1
Jahrhundert-Februar	1
Jahrhundertfeier	82
Jahrhundert-Feldzug	2
Jahrhundertfest	29
Jahrhundertfeuerwerk	7
Jahrhundert-Figur	3
Jahrhundertflopp	1
Jahrhundertflugzeug	1
Jahrhundert-Flut	24
Jahrhundertformel	8
Jahrhundertfotograf	2
Jahrhundertfrage	5
Jahrhundertfrost	2
Jahrhundertfund	20
Jahrhundert-Fußballer	1
Jahrhundertgärtner	1
Jahrhundertgedächtnis	6
Jahrhundertgedicht	8
Jahrhundertgeheimnis	1
Jahrhundertgeiger	2
Jahrhundertgelächter	1
Jahrhundertgenie	135
Jahrhundert-Geschäft	2
Jahrhundertgeschichte	13
Jahrhundertgesicht	1
Jahrhundertgipfel	2
Jahrhundert-Goldschatzfund	1
Jahrhunderthälfte	292
Jahrhunderthandballer	7
Jahrhundertheld	2
Jahrhunderthitze	11
Jahrhunderthochwasser	282
Jahrhundert-Hund	1
Jahrhundert-Hurrikan	2
Jahrhundert-Ingenieur	1
Jahrhundertirrtum	10
Jahrhundertjahrgang	123
Jahrhundertjubiläum	7
Jahrhundertkardinal	2
Jahrhundertkatastophe	1
Jahrhundert-Katastrophe	1
Jahrhundertkerl	3
Jahrhundert-Killer	3
Jahrhundertklassiker	1
Jahrhundertkoalition	1
Jahrhundertkoch	9
Jahrhundert-Komet	2
Jahrhundert-Komiker	1
Jahrhundertkonkurrenz	1
Jahrhundertkreis	1
Jahrhundertkünstler	3
Jahrhundertkünstlerin	4
Jahrhundertläufer	1
Jahrhundertleben	8
Jahrhundert-Legende	1
Jahrhundertlehrplan	1
Jahrhundertliteratur	2
Jahrhundertlohn	1
Jahrhundertmagier	1
Jahrhundertmarke	1
Jahrhundertmedizin	1
Jahrhundertmensch	4
Jahrhundertmenü	2
Jahrhundert-Mitte	1
Jahrhundert-Mord	1
Jahrhundertmythos	9
Jahrhundert-Nacht	2
Jahrhundert-Orkan	1
Jahrhundertphilosoph	1
Jahrhundertphysiker	3
Jahrhundertplan	2
Jahrhundertpleite	1
Jahrhundert-Pontifikat	1
Jahrhundertprägung	2
Jahrhundertproblem	13
Jahrhundertprojekt	157
Jahrhundert-Qualität	1
Jahrhundertrecycling	1
Jahrhundertreihe	1
Jahrhundert-Rekord	1
Jahrhundert-Rückblick	1
Jahrhundertsänger	2
Jahrhundertsatire	1
Jahrhundertschäden	2
Jahrhundertschatz	1
Jahrhundertschauspiel	2
Jahrhundertschauspieler	3
Jahrhundertschicksal	2
Jahrhundertschlaf	3
Jahrhundertschluß	4
Jahrhundertschneesturm	2
Jahrhundertschuld	3
Jahrhundertschwindel	1
Jahrhundertserie	2
Jahrhundertshälfte	3
Jahrhundertsignatur	1
Jahrhundertsommer	322
Jahrhundert-Song	2
Jahrhundertsopranistin	1
Jahrhundertspektakel	1
Jahrhundert-Sportlerin	3
Jahrhundertsprung	6
Jahrhundertstar	4
Jahrhundert-Steuerreform	3
Jahrhundert-Story	2
Jahrhundertstreik	1
Jahrhundertstreit	1
Jahrhundertsturm	24
Jahrhundertsühne	2
Jahrhunderttaifun	1
Jahrhunderttakt	1
Jahrhunderttalente	1
Jahrhundertthema	7
Jahrhunderttief	1
Jahrhundert-Tor	4
Jahrhundert-Tradition	1
Jahrhundert-Trainer	2
Jahrhundert-Treffen	1
Jahrhunderttreffer	3
Jahrhundertturm	3
Jahrhundertüberblick	2
Jahrhundertunwetter	2
Jahrhundert-Unwort	5
Jahrhundert-Utopie	2
Jahrhundert-Veranstaltung	1
Jahrhundertvererber	2
Jahrhundertvorstellung	2
Jahrhundertwechsel	63
Jahrhundertwein	23
Jahrhundertwelle	4
Jahrhundert-Weltrekord	1
Jahrhundertwende-Society	1
Jahrhundertwende-Zeit	1
Jahrhundertwiederentdeckung	3
Jahrhundertwissenschaftler	1
Jahrhundertwort	1
Jahrhundertzeitzeuge	3
Jahrhundertzeugin	1
Jahrhundertziffer	1
Jahrhundertzug	1
Qualitaetsbewusstsein	1
Qualitätenlehre	4
Qualitätsabbau	43
Qualitätsabteilung	9
Qualitätsaktie	1
Qualitäts-Andon-System	3
Qualitätsansatz	15
Qualitäts-Arbeitsgruppe	1
Qualitäts-Audit	2
Qualitätsauditierung	2
Qualitätsaussage	31
Qualitätsbaustein	1
Qualitätsbauweise	1
Qualitätsbedenken	1
Qualitätsbemessung	4
Qualitätsbericht	164
Qualitätsbeschaffenheit	3
Qualitäts-Coach	8
Qualitätsdrang	1
Qualitätsdruck	19
Qualitätsdübel	1
Qualitätsdumping	17
Qualitätsebene	20
Qualitätseffekt	3
Qualitätsentscheidung	3
Qualitätsent­wicklung	1
Qualitätsentwicklungsplan	1
Qualitätsentwicklungsprogramm	14
Qualitätsentwicklungssystem	4
Qualitätserweiterung	4
Qualitätsfeuerwerk	1
Qualitätsfilm	3
Qualitätsfleisch	40
Qualitätsfluglinie	1
Qualitätsfonds	3
Qualitätsförderung	101
Qualitätsformat	1
Qualitätsforscher	1
Qualitätsfront	1
Qualitäts-Gang	1
Qualitätsgeige	1
Qualitätsgemeinschaft	84
Qualitätsgras	1
Qualitätsgründung	1
Qualitätshandschuhe	1
Qualitätshierarchie	2
Qualitätshonig	4
Qualitätsingenieur	3
Qualitätsinstitut	25
Qualitätskatalog	2
Qualitäts-Kennzeichnung	1
Qualitätskonverter	1
Qualitätskostengruppen	2
Qualitätskostenstruktur	1
Qualitätskrise	1
Qualitätslabor	3
Qualitätsladen	1
Qualitätslevel	37
Qualitätsmanagementagentur	1
Qualitätsmanagementfragen	1
Qualitätsmanagementkonzept	13
Qualitätsmanagementprojekt	2
Qualitätsmanagementprozess	7
Qualitätsmanagementrichtlinie	1
Qualitätsmarathon	2
Qualitätsmargarine	1
Qualitätsmatratze	1
Qualitätsmesse	2
Qualitäts-Messer	1
Qualitätsmesssystem	1
Qualitätsmetzgerei	3
Qualitäts-Minimalismus	1
Qualitätsmöbel	7
Qualitätsmodem	1
Qualitätsnachweis	119
Qualitätspegel	4
Qualitätsphilosophie	67
Qualitätsplanungs-Methode	3
Qualitätsprinzip	6
Qualitätsprüfsystem	1
Qualitätsprüfung	783
Qualitätsradio	1
Qualitätsrefugium	1
Qualitätsregelkreis	3
Qualitäts-Ritterzelt	1
Qualitätsrucksack	1
Qualitätsrückschlüsse	1
Qualitätssaat	3
Qualitätsschmiede	2
Qualitätsschotter	1
Qualitätssenkung	6
Qualitätssessel	2
Qualitätssicherheitsüberwacher	1
Qualitätssicherungsaufwand	1
Qualitätssicherungs-Institut	12
Qualitätssicherungslabor	1
Qualitätssicherungsstandard	5
Qualitätssicherungverfahren	1
Qualitätssignal	14
Qualitätsspitze	8
Qualitätssprit	1
Qualitäts-Sprung	4
Qualitätsstandard	5070
Qualitätssturz	2
Qualitätssymbol	19
Qualitätstag	8
Qualitäts-Tageszeitung	2
Qualitätstester	6
Qualitäts-Tipp	1
Qualitätstoren	7
Qualitätstourismus	65
Qualitätstrend	2
Qualitätstropfen	1
Qualitätsüberblick	1
Qualitätsurlaubsland	3
Qualitätsverbesserung	2169
Qualitätsverschiebung	1
Qualitätsverschlankung	1
Qualitätsversprechen	51
Qualitätsvieh	1
Qualitätsvögel	2
Qualitätswanderweg	1
Qualitätswäsche	1
Qualitätswasserbett	1
Qualitätsweg	9
Qualitätswein	551
Qualitätsweingegend	1
Qualitätsweingut	7
Qualitätswein-Konsument	1
Qualitätsweinproduktion	1
Qualitätsweizenanbau	5
Qualitätswerft	1
Qualitätswerke	1
Qualitätswerkstoff	1
Qualitätswerkzeug	6
Qualitätswert	6
Qualitätswesen	72
Qualitätswettbewerb	355
Qualitätswettstreit	1
Qualitätswinzer	4
Qualitätswissenschaft	29
Qualitätswoche	1
Qualitätswünsche	2
Qualitätswurf	2
Qualitätszahlen	1
Qualitäts­zeichen	1
Qualitätszeichenpolitik	1
Qualitätszeitalter	2
Qualitäts-Zeitung	1
Qualitätszeitzone	1
Qualitätszenit	1
Qualitätszentrum	11
Qualitätszertifikat	81
Qualitätszertifizierung	12
Qualitätszielgruppe	1
Qualitätszielkonzept	2
Qualitätszielüberschreitung	1
Qualitätszielverordnung	1
Qualitätszirkelbeauftragter	1
Qualitätszirkelprojekt	3
Qualitätszirkelsitzung	1
Qualitätszirkel-Sprecher	1
Qualitätszirkeltreffen	2
Qualitätszusage	4
Qualitätszuschauer	1
Qualitätszuschlag	6
Qualitätszustandsbericht	8
Qualitätszustellung	1
Qualitätszuwachs	35
Qualitätszweifel	2
Qualitätszweig	1
Qualitäturteil	1
Qualitätswein	551
Schweineafter	4
Schweine-Albtraum	1
Schweinearsch	1
Schweineausbruch	1
Schweineausstellung	3
Schweinebammel	1
Schweinebändel	1
Schweinebaron	5
Schweine-Bauchspeicheldrüse	1
Schweinebefreiung	4
Schweinebein	2
Schweinebesatz	1
Schweinebesitzer	2
Schweinebestand	97
Schweinebetrieb	10
Schweine-Bild	1
Schweine-Bioprothese	1
Schweineblut	80
Schweinebraten	488
Schweinebräutigam	1
Schweinebrett	1
Schweinebrust	5
Schweinecollagen	1
Schweinecomix	3
Schweine-Dasein	1
Schweinedatenbank	46
Schweinedickdarm	1
Schweinediplom	1
Schweinedomestikation	1
Schweinedrama	1
Schweinedusche	2
Schweineembryo	1
Schweineerzeuger	4
Schweineesser	1
Schweine-Extrakt	1
Schweinefabrik	67
Schweinefamilie	7
Schweinefan	1
Schweinefleisch	2683
Schweinefleischeinlage	1
Schweinefleisch-Erzeugung	3
Schweinefleischexporteur	1
Schweinefleisch-Verbot	3
Schweineflüsterer	4
Schweinefrass	8
Schweinefrau	4
Schweinefüße	15
Schweinefutter	111
Schweinegedärm	1
Schweinegedicht	1
Schweinegehacktes	4
Schweinegehirn	5
Schweinegeld	68
Schweinegeschichte	5
Schweinegestalt	5
Schweine-Gewebe	1
Schweinegitter	1
Schweine-Glück	1
Schweinegroßanlage	3
Schweine-Gulaschs	1
Schweinegülle	42
Schweinehaare	2
Schweinehalle	1
Schweinehalter	72
Schweinehaltung	542
Schweinehändler	1
Schweinehäuschen	2
Schweinehaut	41
Schweinehaxe	12
Schweineherz	38
Schweinehirte	15
Schweinehölle	1
Schweinehund-Alarm	1
Schweinehüters	2
Schweineidyll	1
Schweine-Illustrationen	1
Schweineinfluenza	1
Schweineinnereien	1
Schweineintensivhaltung	1
Schweinekadaver	9
Schweinekauf	2
Schweinekennzeichnung	1
Schweinekiefer	1
Schweineknecht	1
Schweineknorpel	3
Schweinekoben	21
Schweinekober	1
Schweinekolonie	1
Schweinekostüme	1
Schweinekreatur	1
Schweinekrieg	4
Schweinelappen	1
Schweinelendchen	49
Schweine-Lexikon	2
Schweinemann	4
Schweinemark	1
Schweinemarkt	27
Schweinemaske	11
Schweinemastanlage	46
Schweinemastbtrieb	1
Schweine-Mäster	1
Schweine-Mastplätze	1
Schweinemast-Zentren	1
Schweinemäuler	1
Schweinemedaillon	1
Schweinemedien	1
Schweinemedizin	2
Schweinemetzger	5
Schweinemilch	3
Schweineminutensteak	3
Schweinemotiv	1
Schweinemumie	1
Schweinemund	1
Schweinemuseum	8
Schweinenase	5
Schweineobst	1
Schweineorgan	7
Schweineorgel	10
Schweineorgie	1
Schweinepaar	2
Schweinepanik	1
Schweineparadies	5
Schweinepascha	2
Schweinepest	641
Schweinepferch	7
Schweinepfote	4
Schweinepraxis	1
Schweinepreisverfall	1
Schweinepriester	21
Schweinequäler	2
Schweinereiter	2
Schweinerippe	5
Schweineritt	1
Schweineröllchen	4
Schweinerotte	2
Schweinerücken	55
Schweinerüssel	5
Schweinesand	5
Schweineschäufele	1
Schweineschlächter	2
Schweineschlächterei	1
Schweineschlegel	1
Schweineschwänzel	1
Schweineschwanzstechen	1
Schweineschwarten	25
Schweineschwartenchips	9
Schweinesegment	1
Schweineseite	1
Schweinesilo	1
Schweineskandal	25
Schweinesorte	1
Schweine-Speck	1
Schweinespezialberater	1
Schweine-Spiel	1
Schweine-Stammtisch	1
Schweine-Suhlfest	1
Schweinetanz	3
Schweinetanzmelodie	1
Schweineteilen	1
Schweinetötung	1
Schweinetransports	1
Schweinetrog	59
Schweinevideo	1
Schweinewaden	1
Schweinewarzen	2
Schweineweide	5
Schweine-Weltmeisterschaft	1
Schweinewürschte	1
Schweinewürste	2
Schweinezahl	1
Schweinezählung	6
Schweinezählungen	1
Schweinezahn	7
Schweinezelle	1
Schweinezins	1
Schweinezüchtung	2
Schweine-Zwerge	1
Spitzenakteur	4
Spitzenalternative	2
Spitzenanalyst	1
Spitzenanalytik	1
Spitzenanlage	8
SPITZENARCHITEKTUR	1
Spitzen-Atomwissenschaftler	1
Spitzenauslese	3
Spitzenausstellung	1
Spitzenbariton	1
Spitzen-Beamter	1
Spitzenbeamtin	7
Spitzenbegabung	6
Spitzenbeispiel	5
Spitzenbereich	81
Spitzenbergsteiger	3
Spitzenbesatz	9
Spitzenblatt	1
Spitzenborte	5
Spitzen-Damen-Slip	1
Spitzendecke	9
Spitzendoppel	14
Spitzendownhiller	1
Spitzeneffekt	1
Spitzeneinheit	5
Spitzenentwicklung	9
Spitzenereignis	21
Spitzen-Erinnerung	1
Spitzenetage	1
Spitzenfachverband	5
Spitzen-Fahrer	1
Spitzenfahrzeug	1
Spitzenfirma	9
Spitzen-Flightcase	1
Spitzenformulierung	18
Spitzenforscher	295
Spitzenforum	9
Spitzenfunktionär	535
Spitzengefühl	2
Spitzengenossin	1
Spitzen-Geräte	1
Spitzengliederung	31
Spitzengolf	1
Spitzengrafik	6
Spitzengremium	131
Spitzen-Handballteam	1
Spitzen-Hardware	1
Spitzenhochschule	14
Spitzenimpulsleistung	2
Spitzenintensität	1
Spitzenjazz	1
Spitzenjournal	1
Spitzenjunge	2
Spitzenkader	16
Spitzenkamerad	1
Spitzenkämpferin	1
Spitzenkandidatin	865
Spitzenkanon	1
Spitzenkeramik	2
Spitzenklinik	2
Spitzenklöpplerin	23
Spitzen-Know-how	5
Spitzen-Know-How	1
Spitzenkoch	496
Spitzenkollektion	2
Spitzenkomödie	1
Spitzenkompetenz	6
Spitzenkonservierungstechnologie	3
Spitzenkosten	1
Spitzenkühler	1
Spitzenlangläuferin	1
Spitzenlaser	2
Spitzenläufer	226
Spitzenleistung	2503
Spitzenlicht	1
Spitzenlösung	1
Spitzen-Mann	2
Spitzenmarke	21
Spitzenmassage	2
Spitzenmathematik	1
Spitzen-Moderator	1
Spitzenmuseum	7
Spitzennews	2
Spitzenöl	2
Spitzenorganist	1
Spitzenpart	2
Spitzenparzelle	1
Spitzenpferd	36
Spitzenplatz	3212
Spitzen-Politikern	6
Spitzenpolizist	1
Spitzenpotential	3
Spitzenpower	2
Spitzen-Preis	2
Spitzenprofessor	2
Spitzenprogramm	23
Spitzenpulk	2
Spitzenquartett	15
Spitzenradius	1
Spitzenrating	2
Spitzenreferee	1
Spitzenrefinanzierungssatz	4
Spitzenregulator	1
Spitzenreiter	5140
Spitzenring	10
Spitzenrock	1
Spitzen-Rollenspiel	1
Spitzenrotwein	2
Spitzenrüsche	1
Spitzenscheibe	1
Spitzen-Schiedsrichter	13
Spitzen-Schiedsrichterin	1
Spitzen-Schneeparty	1
Spitzenschülerin	3
Spitzenschwester	2
Spitzensextett	1
Spitzensignal	5
Spitzensingle	1
Spitzensite	1
Spitzen-Sommer-Mitsing-Schunkel-Tequila	1
Spitzenspiel	1465
Spitzen-Spieler	1
Spitzenspion	5
Spitzensportler	1126
Spitzenspringreiter	3
Spitzensprinterin	1
Spitzenstern	1
Spitzenstickerei	1
Spitzenstreifen	2
Spitzenstrom	32
Spitzenstrombedarf	1
Spitzentauglichkeit	1
Spitzentechnologie	707
Spitzentech­nologie	1
Spitzentennis	11
Spitzen-Tennis	1
Spitzen-Treffen	5
Spitzentropfen	6
Spitzentruppe	12
Spitzenumhang	1
Spitzen-Universität	7
Spitzen-UN-Polizist	1
Spitzenunternehmen	106
Spitzenurlaub	28
Spitzenverband	8104
Spitzenverbindung	1
Spitzenverdiener	1281
Spitzenverein	122
Spitzenverpflegung	1
Spitzenvertrag	5
Spitzenvertreter	596
Spitzenwanderung	1
Spitzenweg	1
Spitzenweite	14
Spitzenwert	1520
Spitzen-Wissenschaftler	5
Spitzenwissenschaftlerin	1
Spitzenzahl	9
Spitzenzentrum	4
Spitzen-Zinssatz	3
Traum-Abbild	1
Traum-Abitur	2
Traum-Abschluss	1
Traum-Abtastung	2
Traum-Abwehr	1
Traum-Agentur	1
Traum-Aktion	10
Traumaktivität	10
Traum-Aktivurlaub	1
Traumambiente	2
Traumanblick	1
Traumangestellter	1
Traumarbeiterin	1
Traum-Arbeitgeber	4
Traumarena	1
Traumauffassung	11
Traumaufnahme	2
Traumaugen	1
Traumausbildung	1
Traumauslegung	1
Traumausrüstung	1
Traum-Ballerina	1
Traumbegriff	1
Traumbeschäftigung	1
Traumbewegung	1
Traum-Bewußtsein	10
Traum-Bike	3
Traumblatt	1
Traumblau	1
Traumblicke	5
Traumboot	12
Traumbuch	70
Traumbündnis	1
Traumbusen	5
Traum-Chef	1
Traumcuvée	2
Traumdeuter	107
Traumdichtung	13
Traumduo	39
Traum-Ego	1
Traum-Ehe	2
Traumeinschaltquote	1
Traum-Eintopf	1
Traumelefant	2
Traumentschlüsselung	1
Traumentstellung	7
Traumepisode	4
Traumerzählung	42
Traumerzeugung	1
Traumexperte	6
Traumexpreß	1
Traumfalle	1
Traumfänger	211
Traum-Figur	1
Traumfilm	4
Traumflug	11
Traum-Flugpreis	1
Traum-Frau	16
Traumfreistoß	4
Traum-Freizeitinsel	1
Traumfrühlingstag	1
Traumfußballer	2
Traumgarten	71
Traumgebäck	1
Traumgebilde	53
Traumgegend	3
Traumgelaber	1
Traum-Geländewagen	1
Traumgeschichte	45
Traumgewirk	1
Traumgitarre	1
Traumgraphik	1
Traumgrundstück	19
Traumhand	2
Traumhandy	3
Traumhaus	611
Traumhöhe	1
Traum-Hotel	3
Traum-Hündin	1
Traumideal	1
Traumimago	1
Trauminkarnation	2
Traum-Insel	2
Traum-Interview-Partner	1
Traumjahr	8
Traumkater	3
Traumknutscherei	1
Traumkobold	7
Traumkontinent	1
Traumkonzert	3
Traumkuchen	1
Traumkurs	4
Traumlaboratorium	1
Traumlandgerät	1
Traum-Lexikon	2
Traumlinie	1
Traumlohn	1
Traumlos	32
Traummacher	13
Traummädchen	7
Traummass	1
Traummaus	6
Traum-Meister	1
Traummembran	1
Traummotiv	11
Traummotor	1
Traummühle	1
Traumnummer	3
Traumoper	1
Traumorten	1
Traumpark	3
Traumpartie	4
Traum-Performance	1
Traumpfad	82
Traumprojekt	58
Traum-Punkband	1
Traum-Puzzle	1
Traumquote	39
Traumrasen	23
Traum-Realität	3
Traumregierung	1
Traumregisseur	2
Traum-Reihe	1
Traum-Reise	3
Traumreiseland	2
Traumrolle	132
Traumsaat	34
Traumschaum	1
Traumschema	2
Traumschilderung	6
Traumschlag	2
Traumschlange	6
Traumschuluniform	1
Traumseil	1
Traum-Semester	1
Traumserie	8
Traumservice	1
Traumshooting	1
Traumsiebs	1
Traumsofa	2
Traumsphäre	6
Traumspringer	1
Traumstadion	3
Traumsteins	1
Traum-Stele	1
Traumstelle	26
Traumstory	1
Traumstrand	858
Traumstrauß	1
Traumstücke	6
Traumsuse	6
Traumsymbol	72
Traumszenario	6
Traumtagebuch	61
Traumtänzer	336
Traumtänzerei	77
Traumtechnik	2
Traum-Theater	1
Traumthematik	4
Traumtheoretiker	4
Traumtherapien	1
Traumtiefe	1
Traumtrip	4
Traum-Tropeninsel	2
Traumuniversum	2
Traumunsinn	1
Traumvariation	1
Traumveranda	1
Traumverkäufer	2
Traumvers	1
Traum-Vocals	1
Traumwagen	189
Traum-Wald	1
Traumwandlerin	1
Traumwäscherei	10
Traumwein	4
Traumweinbar	2
Traumwelt	1691
Traumwochenende	6
Traumwölkchen	2
Traum-Yoga	1
Traumzahl	31
Traumzensur	17
Traumzentrum	1
Traumzins	6
