Abfall	28902
abführen	7601
Abgas	4575
Abgeordneter	72342
abmahnen	1589
Abrüstung	7099
Abschaffung	26490
Abstieg	10397
Abwasch	578
Abwasser	7561
Abwehr	24341
Achse	13656
Achsschenkel	32
Acker	9257
Adler	13666
Admin	3845
Affe	13672
Afrika	64505
After	3618
Ägypter	7701
Aktie	52367
allein	341525
Allerheiligen	1257
Allmacht	3428
Alltag	75328
Alpaka	228
Alpen	12056
Alptraum	12350
Altschnee	64
Aluminium	5402
Ameise	6669
Ampel	7680
Amt	134405
Anabolikum	32
Anarchie	6310
Andalusier	232
Angel	14345
Angriff	99313
Angst	203129
Angsthase	542
Anhang	35740
animieren	7287
Anker	5137
Anleihe	8601
Anpassung	36461
Anschlag	55519
Anschluss	65621
Anstand	4234
anti	323
Antibiotikum	11579
Antiimperialist	399
Antimoral	9
Antonius	3511
Anzug	8480
Apfel	20825
Appaloosa	77
Aqua	1730
Araber	18893
Arbeit	763991
Arbeiter	78094
Arbeitsmarkt	52667
Architekt	39200
Architektur	40646
Armbrust	1034
Asbest	1469
Asche	13094
Assyrer	1171
astral	793
Asylant	202
Atom	12751
Atommüll	3463
aufhängen	7215
Aufklärung	59048
AufklärungPapst	1
Aufruhr	5167
Aufstieg	27904
Auge	298822
August	202370
Ausbrecher	176
Ausländer	50929
Ausnahme	98057
Ausreißer	1567
Außenseiter	8039
Auswurf	1095
Authentizität	6411
Auto	143635
Automobil	6328
Autor	274220
Baby	40668
Bach	29661
Bad	82389
Bahnsport	7
Ballen	2033
balsamieren	53
Bambus	1366
Bänkster	0
Barberini	114
barfuß	11532
Barnvelder	0
Barrass	2
Basilisk	167
Basketball	4397
Baum	91537
Baustelle	15750
Bayern	126207
Befestigung	4118
Beflissenheit	89
Befruchtung	5580
Begründer	7361
Behinderter	4
Behörde	138406
Beihilfe	12174
Benimm	300
Benzin	9453
Berater	31962
Berber	861
Berg	90123
Beruf	115771
Beschwichtigung	644
Betriebswirtschaft	4458
Betroffenheit	6294
Bettler	5138
Bewegung	182608
Beziehung	198276
Bezirk	48829
Bier	40803
Biergarten	3965
Bilanz	37965
Bild	529016
Bildschirm	25273
Bildung	184661
Blasmusik	1094
Blei	5825
Blitz	13200
Blödsinn	6275
BluesRock	144
Blutmischung	23
Bock	9852
Bogen	22249
Böhmen	5080
Bohne	7527
Borghese	197
Borgia	310
Borland	540
Börse	27912
Borste	812
Bote	9035
Boulevard	3195
Bourbone	19
Braunkohle	89
brechen	97824
bremsen	14113
Brille	15303
Brite	17143
Bronze	5441
Browser	13473
Brücke	52120
Bruckern	6
Buch	556654
Buddler	41
Buddy	2872
Bügel	2082
Bühne	61367
Bund	143154
Bundessieger	425
Bürger	184992
Bürgerrecht	8398
Burgunder	1266
Büro	63281
Bürokrat	2300
Busch	15167
Busen	3302
Business	23291
Butter	24422
Camargue	221
Cash	2934
Cembalo	1248
Champion	2831
Chancengerechtigkeit	869
Charakter	104927
Charme	12284
Chauvi	78
Chauvinist	237
Chef	60319
Chemie	50318
Christ	104431
Christus	97789
Cocktail	5439
Comic	13543
Computer	108755
Content	7297
Corrado	192
Cyber	573
Dämon	16114
Däne	4460
Darm	11069
Datenmüll	250
Datum	295141
decken	48320
Dekadenz	1537
Deklamation	347
Demenz	4243
Deregulierung	6370
Design	31943
Deutscher	592306
Dezember	227717
Diät	12502
Dichter	8962
Dichtung	14297
Diesel	9520
Diplomat	9781
Discounter	2179
Disko	1525
Dohle	228
Donau	11798
Donner	4551
doof	7404
Doppelmoral	1477
doppelt	60394
Dorf	86198
Dorn	7891
Dorsch	1468
Drache	22301
Dreck	10708
Drehbuch	21297
drehen	93346
Drehzahl	1989
drei	689498
Dreifaltigkeit	1876
Dreilinienkreuzung	0
Dressur	2600
dribbeln	426
Drift	761
Droge	39123
drohen	85830
Dromedar	493
Druck	125761
Dschungel	7996
dübeln	29
Dulder	181
dumm	38609
Dummheit	9719
Dunkelkammer	649
durchhalten	7426
Eber	1768
Edelstahl	1691
Effizienz	17545
Ehre	46902
Eichel	14608
Eifersucht	6674
Einbrecher	5032
Einheit	107639
Einhorn	1637
einrasten	398
Einsamkeit	14618
Einwanderung	8024
Eisen	16859
Eisenbahn	14131
Eisenstahl	0
Eitelkeit	4995
Ekel	3597
Elb	794
Elefantenzucht	9
Elektronik	8660
Elfe	1346
Elite	23817
Emotion	22111
Empfindlichkeit	3792
Endzeit	1919
Endzeitsekte	9
Energie	137448
Energiesparen	2318
Engel	59682
Entertainment	6069
Enthüllung	4749
Entschleunigung	397
Entwickler	11185
Entwicklung	518135
Erbgesundheit	44
Erbse	4201
Erdbeere	6115
Erfolg	272395
Erklärung	140376
Erle	1185
Erlöser	5434
Ernährung	56840
Erotik	4812
Ersatz	29218
erster	1277199
Erziehung	67277
Esel	10735
Esoterik	6331
Etappe	16706
Ethik	29610
Event	7970
Ewenke	4
Ewigkeit	20888
Exodus	2908
explosiv	4261
extil	0
Exzenter	32
Facebook	0
Fahrradlenker	43
Falke	6241
Familie	392428
fangen	82679
Fascho	107
Fashion	1002
fast	456857
Feder	18186
Fee	6046
feel-good	5
Fernsehen	80538
Fest	54411
festmachen	5563
Fete	2018
Feuer	62210
ficken	1801
Film	356719
Filmlizenz	31
Finanz	27940
Finanzierung	65798
Firma	172923
Fisch	72732
Fischer	75354
Fitness	7989
Fjord	1907
Flanke	5312
Fleisch	59374
Fleiß	5698
Flexibilität	19438
Fliege	16665
Flieger	7072
Fliegerin	78
Flirt	2044
Flug	38958
Flugzeug	41686
Fluss	25241
Fohlen	3191
Folge	323575
Folksong	43
Fortschritt	71237
Forum	193974
Fotografie	22050
Franke	16493
Franzose	28233
Frau	911558
Freihandel	2963
Freiheit	155955
Freistoß	4394
Freizeit	33688
fressen	28333
Freude	108348
Frieden	152974
Friedhof	23315
Friese	2946
Frisur	4398
Front	30703
Frosch	8999
Fructose	236
Frust	8378
Fuchs	22962
Führer	44511
Führung	92381
Fundament	19734
Furcht	23618
Fußball	40394
Fußboden	4991
Game	5204
Gangster	4253
Gans	6753
Garten	80929
Gastro	235
Gebet	52088
Geborgenheit	7819
Gebot	43011
Gebühr	54524
Gedanke	187337
Gefälligkeit	1303
Gefühl	176485
gegen	1496735
Gegenkultur	805
geheim	37004
Geiß	377
Geist	180904
Geld	337150
Gelenk	10524
Gemüt	12270
Genie	9365
Genmais	351
Genre	20886
Georg	56819
Gerechtigkeit	69178
Gericht	178306
Germane	4769
Gesang	24040
Geschmack	40863
Geschoss	6478
Gesellschaft	437864
Gesetz	375646
Gestammel	208
Gestüt	1101
Gesundheit	110278
Gewalt	170250
Gewaltfreiheit	2548
Gewerbe	19587
Gewinde	703
Gewissheit	10311
Gewitter	7372
Gewohnheit	14099
Gift	16338
Giftgas	1685
Gipfel	25391
Giraffe	1895
Gitarre	15401
Glas	48610
Glatteis	1152
Glatze	2294
Glaube	166454
Glaubwürdigkeit	14419
Gleichberechtigung	11581
Gleichheit	16748
Gleitlager	116
Globalisierung	53143
Glocke	10610
Glockner	121
Glück	124730
Goblin	393
Gold	45378
Goldwährung	333
Golf	19538
Gote	878
Gott	673498
Grafik	31142
Grafit	282
Gral	2224
Graphik	5194
Grenze	205048
Grieche	17735
groß	1720245
Großstadt	20422
Gründer	21408
Grüntrinker	13
Gruppe	368842
gruseln	1154
Grüß	189
Gummi	3193
Gurke	4889
Gutmensch	1363
Hacker	5404
Hafi	198
Haflinger	498
Hahn	23898
Halbjahr	16057
Halle	6648
halten	693865
Halterung	1890
Hamster	3442
Handball	4924
Hanga	28
Hängebauch	29
Hannoveraner	2083
Hapta	0
Hase	16402
Hass	21815
Hast	6290
Haupt	20011
Hauptprämie	1
Hauptprämiensieger	0
Haus	483552
Hausfrau	7971
Heavy-Metal-Gitarre	0
Heer	21195
Heide	23432
Heil	19304
Heimwerker	1103
Heizung	11405
Held	56015
Herd	20060
herum	65248
Herz	206624
Hethiter	544
Hetze	4607
Hexe	16796
Hilfe	332854
Himmel	118063
Himmelfahrt	4479
Hirn	10522
Hirte	4088
Hitler	57387
Hitlerjunge	559
Hitparade	1438
hoch	917632
Hochleistung	282
Hockey	2054
Höhe	242398
hohl	6954
Hölle	25225
Hollywood	14557
Holsteiner	543
Holz	51200
Hormon	13302
Horror	7222
Hörspiel	9150
Hosta	123
Hotel	200509
Huhn	21997
Humanist	3556
Humanität	4289
Humor	25916
Hund	153091
Hunne	996
Hütte	19975
hybrid	2477
Hygiene	8050
Hypertext	2654
Ideologie	31745
Idiot	6570
Independent	2714
Indianer	11387
Indie	210
Industrie	75968
Information	488648
Informationswissenschaft	937
Ingenieur	23778
Inhalt	253958
Innerlichkeit	1354
Innovation	41127
Insekt	15194
Insel	100652
instant	1243
Integration	82075
Intelligenz	25374
Internet	278787
Intoleranz	4898
Investment	5927
Investor	31909
Island	18023
Jagd	25498
Jäger	30235
Jahr	2923505
Jahrhundert	293117
Jährling	118
Jahrtausend	20614
Jazz	13046
Jelinek	2758
Jenseits	10010
Joch	4366
Jogging	839
Jude	142115
Jugend	85195
jung	486081
Jurist	21242
Justiz	35224
Kabarett	4288
Käfer	6426
Kaffee	36336
Kaffeeautomat	306
Kaltblut	160
Kälte	18695
Kamel	6234
Kampf	199576
Kampfhund	5615
Kampfsport	1036
Kanal	28055
Kaninchen	8678
Kapital	79901
Kapitalismus	41441
Kapitalist	12797
kappen	2958
Karneval	6309
Karotte	4026
Karpfen	2418
Karriere	44121
Kartoffel	21495
Kasten	2694
Katastrophe	41872
Katharer	813
Katholik	17712
Katze	44875
Kegel	2589
kehren	53558
keifen	313
Keil	3344
Kern	48210
Kessel	6167
Kette	22168
Ketzer	2847
Kiel	41816
Kiez	1756
Killer	7161
Kind	1239059
Kino	54465
Kirche	358013
Kitsch	3213
Klampfe	251
Klasse	170219
Klassenzusammenarbeit	25
Klassiker	21049
Klavier	13883
Klebe	424
klein	846887
Kleintier	1535
Kleinwagen	2377
Klempner	796
klettern	15216
Klima	39191
klonen	3709
kloppen	1510
Knabstrupp	0
Knappe	2144
Knochen	21336
knuddeln	354
Kohle	1903
Kohlrabi	1189
Kolben	1407
Kollege	125573
Kommerz	2437
Kommune	75789
Kommunikation	92613
Komödie	15698
Komparse	88
Kompetenz	74266
Komponist	26906
Kondition	12163
Konflikt	128267
Konservierung	1795
Konsole	3549
Konsum	22673
Konus	159
Konzert	59961
Konzil	13694
Kopf	198977
Koppel	1600
Kopte	574
Koran	13280
Körper	186721
Körperweltenausstellung	16
Kortison	1636
krächzen	643
Kraft	296410
Krähe	3078
Krankheit	135492
kratzen	6353
Kraut	18281
Krautrock	212
kreativ	43333
Kreativität	24518
Krebs	28626
Kreuzigung	2896
Kreuzkopf	16
Krieg	335766
Kritik	164155
Kritiker	36309
Krokodil	3921
Krypto	40
Kübel	2284
Küche	48342
Kugel	24116
Kühler	410
Kuhstall	688
Kult	11230
Kultur	221702
Kunst	182129
Kunstfaser	368
Kunststoff	11333
Kupfer	7542
Kuppel	4477
Kupplung	1374
Kurbelwelle	342
Kürbis	3223
kuscheln	2364
Labor	23076
Lager	58937
Laie	21871
Lametta	347
Land	998048
Landwirtschaft	65232
Langlauf	621
Langobarde	4
Last	60754
lästern	2584
Latino	485
Lauf	106911
laufen	283494
Läufer	15393
Leben	858990
Lebenretter	1
Lebensmittel	51203
Lederhose	979
Leibeigenschaft	1314
Leiden	43843
leihen	8522
Leinwand	14621
Leistung	288371
leiten	70686
Lesbe	413
lesen	374565
Leu	630
leuchten	20444
Lich	603
Licht	167055
Liebe	279610
Liebling	6708
Lied	73760
Limbo	110
Linguist	1125
Linienrichter	566
Lippizaner	29
Literatur	155907
Logistik	10973
Lohnzurückhaltung	549
Lotto	3003
Löwe	21485
Lückenfüller	376
Luder	590
Luft	109211
Lüge	30782
Lukas	15267
Lusitano	31
Lust	66589
Luxus	12099
Lyder	60
Lyrik	11875
Madonna	5291
Makedone	16
Maler	23533
Management	55517
Mangaliza	1
Manier	6748
Mann	623857
Männlichkeit	4347
Manöver	5577
Märchen	28578
Maria	81020
Marionette	3110
Marke	46201
Marketing	30094
Markt	191387
Markus	47596
Marmor	3773
Marzipan	1071
Maske	15276
Mäßigkeit	238
Mast	6124
Maure	49
Maurer	5824
Maus	32012
meckern	5541
Medici	1385
Medium	227474
Medizin	69715
Meer	85227
Meinung	308172
Memoiren	3267
Mensch	1569484
Menschenrecht	70822
Menschheit	56016
Merchandise	192
Merowinger	410
Messe	46359
Messias	8717
Messing	1306
Metall	39367
Milbe	276
Militär	44422
Million	368960
Mine	8482
mini	757
Miniatur	2340
Ministerium	68372
Minus	7561
Mist	11377
Mithril	96
Moabiter	594
Mobilität	20721
Möchtegern	466
Mode	19371
Modellbahn	418
Modernisierung	25201
Modernität	2935
Mohr	5050
Mönch	18547
Mond	47659
Monster	16057
Montage	9604
Moor	14691
Moral	27244
Mörder	24136
Mormone	1038
Mörtel	1224
Mosaik	4059
Moslem	9915
Motivation	36659
Motor	38060
Motorbefestigung	1
Motorrad	12683
Motorsport	1458
Möwe	2102
Mücke	5562
Müll	15565
Multikulti	714
Multimedia	9442
Mumie	3089
Musical	10389
Musik	224889
Musikant	1667
Musiker	38175
Mustang	823
Mutter	259937
Mütterlichkeit	529
Nachbar	57964
Nachfrage	59030
Nachhaltigkeit	19976
Nachkriegs	204
Nachricht	122398
Nacht	172399
Nachtclub	1235
Nachtleben	2653
Nachwuchs	25783
nackt	22469
Nagel	16423
Nahrung	38347
Narr	8458
Nase	42722
national	189312
Natur	185871
Naturalist	279
Natürlichkeit	2248
Nazi	38407
Negativ	5267
Neger	2646
Nerv	22038
Netz	100931
Netzwerk	67825
Neujahr	2687
Neutralität	8112
nicht	10551102
Niet	593
Nintendo	1416
Noriker	57
Normanne	871
Numider	28
Nutz	2091
Nutzfahrzeug	2126
ober	81256
Oberfläche	39389
Objektiv	5283
Obst	23248
Oder	2344
Ofen	12466
Offenbarung	17618
Öko	1136
Operette	2397
Opfer	170905
Orakel	3165
Orange	10989
Orbit	3287
Organ	59645
Organisation	215748
original	40694
Ostern	15340
Ostgote	293
Otter	818
Pacelli	272
Pacht	2008
Pädagogik	20150
Paddel	882
Paidmail	11
Palomino	99
Pampel	77
Panther	3775
Panzer	15873
Papier	70856
Paragraf	2987
Parkinson	2199
Partei	289574
Parteibuch	907
Parteilichkeit	1352
Partner	132696
Party	26947
Pass	21791
Passivhaus	1160
Patent	16789
Patient	224125
Patronat	664
Pegasus	1903
peilen	1389
Penetranz	342
Perser	3095
Person	463431
Petrol	238
Pfeife	10290
pfeifen	8553
Pferd	83840
Pfingsten	6710
Pfleger	5600
Pfosten	4489
Pfütze	2530
Pharma	2492
Philosoph	30705
Phönix	2473
Phrase	6196
Physik	47230
Pilz	19680
Pinto	643
Pirat	6304
Pixel	5030
Plasma	2417
Plastik	8406
Platin	2086
Platte	31018
plätten	442
Plüsch	329
Pole	2734
Polit	243
Politik	302267
Polizei	162644
Polizist	45049
poltern	994
Pomade	141
Pommern	2641
Popdichter	0
Populärkultur	871
Porno	531
Porzellan	2940
Posse	1512
Poster	4624
Potenz	4949
Pracht	5988
Praktikant	5748
Prämie	11957
Presse	67837
pressen	23177
Preuße	4773
Preußen	15839
Priester	45019
Print	2288
privat	215095
Privilegium	8333
probieren	24999
Produktion	103414
Produzent	28578
Programmierer	6766
Projektor	1795
Propeller	1009
Protest	61853
Prothese	3738
Prozess	152437
Pseudo	255
Psychiater	8506
Psycho	1590
Psychologe	18019
Psychopath	1582
Pudel	1841
Punker	887
Puppe	9010
Pustel	512
Quarter	866
quer	22469
Querkraft	27
Quermutter	0
Quote	32478
Rabe	6609
Rache	19955
Radio	55288
Radsport	1979
Rappe	1393
Rasse	32755
Rassist	852
Rationalisierung	5075
Rätsel	22655
Ratte	13500
Ratzi	111
Raub	7333
Raucher	10185
rechnen	133072
Recht	552482
Redeverbot	343
Reform	104445
Regel	260099
Regen	2082
Regie	37801
Reinheit	6101
Reise	43245
Reiseführer	6910
reiten	22963
Reitpferd	610
Reitpony	176
Relief	3908
Religion	118207
Remis	3436
Renaissance	15314
Renegat	390
Rennfahrer	1436
Rente	41117
Reserveschlag	0
Rest	76446
Rettung	20269
Revier	8244
Rheinländer	61
Rhetorik	10577
Richter	108788
Riegel	5069
Riese	11603
Riff	4576
Rind	17275
Ring	52532
Ringer	1224
Rinnstein	264
Ritze	1908
Rock	26521
Rohkost	1401
Rolle	284924
rollen	24134
Rose	29124
Rotlicht	1290
Rotor	1434
Rotz	483
Rübe	2734
Ruhrgebiet	13811
Ruhrpott	1213
rund	382368
Russe	22014
Rüssel	1376
Saat	4098
Sachse	6520
Samba	2103
Sänger	24642
Säule	22774
Schach	7119
Schäfer	16538
Schaft	2743
Schakal	1080
schälen	10783
Scharnier	1227
Schatten	50043
Schauspiel	10620
Schauspieler	37377
Scheck	8590
Schein	25098
scheren	6517
schieben	38440
Schiedsrichter	19314
schießen	41977
Schimmel	7173
Schinken	4299
Schisma	849
Schlaf	28825
Schlag	37657
Schlager	4320
Schlagfertigkeit	725
Schlamm	5455
Schlange	20700
Schleim	2856
Schlichtheit	1468
schließen	238066
Schließring	1
Schlitz	2454
schmachten	671
schmieren	4016
Schmöker	1176
Schmuggler	1326
Schnecke	7436
Schnee	27169
Schnuller	1542
Schokolade	11569
schön	443449
Schönheit	39097
Schöpfer	17959
Schraube	6621
schrauben	4537
Schrecken	3096
schreiben	599968
Schreiber	12198
Schreibstube	406
Schreibtisch	13587
Schrift	87676
Schrott	5122
Schuld	85197
Schule	432871
Schuss	13581
Schütze	7920
Schützengraben	1428
Schwalbe	2785
Schwammerl	109
Schwan	4996
Schwede	7739
Schwein	22213
Schweiß	7216
Schweizer	41385
Schwert	27220
Schwingelager	0
Schwuler	10154
Seele	104503
Seelsorge	6518
Segel	9116
Seher	2676
Seife	5163
Seite	752778
Sekte	7626
Selbsthilfe	9616
Selbstjustiz	923
September	259486
Serie	66314
setzen	586693
Seuche	6875
sexual	525
Shetlandpony	67
Shettyjährling	2
Show	30320
Sicherheit	200366
Sicherung	56360
Sieger	29479
Sikh	627
Silber	17564
Sitcom	635
Sitte	14985
Sittlichkeit	2614
Sitzgurt	35
Skandal	19184
Skater	2197
Skilauf	217
Slawe	2106
Smartmark	1
Softie	163
Software	77212
Sohn	199319
solar	3902
Solarenergie	3295
Soldat	115609
Söldner	4839
Sommer	113106
Sonder	0
Songwriter	852
Sonne	105801
Sonnenfinsternis	2593
Sound	15623
Sozi	1004
sozial	430665
Sozialstaat	17504
spannen	23230
sparen	58351
Spartaner	620
Spatz	4250
sperren	28000
Sperrmüll	1544
Spiel	331427
Spieler	122960
Spielzeit	10568
Spießer	1104
Spitze	8225
Splatter	660
Splatterfirm	162
Sport	89536
Sportler	15555
Sprache	246139
spreizen	1104
sprengen	17667
springen	49600
Sprint	2096
Sprühdosenwandbild	1
Staat	440705
Stabilität	24466
Stadt	616447
Stadtteil	38385
Staffage	393
Stahl	13718
Stall	16421
Stamm	27608
Standort	85489
Star	53878
Start	65026
Stasi	4132
Statistik	44692
Staufer	1315
stecken	105249
stehen	1357869
Stein	87950
Stempel	6730
Steppe	4175
Steppenzebra	55
Stern	87091
Steuer	74501
Steuermoral	119
Stier	6073
Stil	54718
Stimme	185256
Stimmung	59397
Stinktier	179
Stint	65
Strahl	12771
Straße	223810
Straßenbahn	12412
Strategie	82604
Streetart	32
Streetball	240
Streit	62318
Strom	59771
Stummfilm	1378
Sturm	31901
Substanz	44453
Sucht	12869
Sumpf	6822
Sünde	51819
super	55983
Superpromi	1
Surfer	3314
Sylvester	2003
Sympathie	14342
Synchronisation	2533
Synthie	81
System	284413
Szene	92000
Taktik	12341
Tanker	2316
Tanztheater	908
Taste	15297
Taube	13556
Tauchsport	183
taufen	13413
Technik	137024
Tempel	30400
Temperament	4675
Tempo	26430
Tennis	6143
Terror	43515
Testosteron	1576
Teufel	38665
Teutone	230
textil	1580
Theater	73608
Theorie	113674
Therapie	75689
Tierrecht	2588
Tierschutz	12214
Tiger	11508
Tigerschecken	22
Tinker	203
Titular	7
Toleranz	29130
Torf	1803
Torschütze	3131
Torwart	6993
Tourismus	27131
Tourist	29603
Trainer	51789
Trakehner	214
Trampeltier	180
Transport	33334
Transsexueller	767
trauen	29022
Traufe	581
Traum	94232
Trecker	800
Trend	53622
trennen	66859
Tresor	2378
Trickfilm	1407
Trickser	139
Troll	4920
Trommel	5755
Trompete	4150
Trüffel	996
Trümmer	8191
Tugend	17075
Turbo	1951
Türe	8042
Türke	18121
Turnier	21388
Twitter	0
über	3665135
Uhr	893850
Umwelt	114250
Unabhängigkeit	32516
Underground	2002
Ungar	1449
Ungarn	31860
Union	156369
UNKNOWN	16
unter	1948138
Unterdrücker	2053
Untergang	19770
Unterhaltung	30619
Unterwelt	4586
UNV	53
Urschöpfer	9
Urschuh	0
Urwald	6069
Vandale	28
Vater	279625
Verankerung	8603
Veranstaltung	190357
Verbal	0
Verband	95740
Verbindung	172909
Verbot	55645
Verbrecher	12377
Verdummung	576
Verein	165416
Verkehr	79251
Verklärung	2256
Verlust	93674
Vernunft	35145
Verriegelung	219
Verschluss	3004
Verschraubung	188
Versöhnener	125
Versöhnung	15195
Versuch	151512
vertäuen	247
Verwaltung	108831
Verzicht	30075
Verzückung	850
Vice	2116
Videospiel	2666
Vierkant	60
Vinyl	720
Virginität	22
Vision	45354
Vitalität	3649
Vitamin	31847
Vize	1453
Vogel	60133
Volk	248725
Volkswirtschaft	14188
voll	301111
Vollblut	277
Vollblutaraber	23
voltigieren	56
Vorschrift	139219
Vorstand	85252
Wachstum	65633
Wachtel	1004
wackeln	3856
Wahl	214766
Wahlrecht	15925
Wahrheit	139328
Wald	100994
Waldorf	555
Walzer	2460
wandern	30758
Wandlitz	232
Wappen	8438
Warmblut	181
Warze	1864
Waß	4
Wasser	294484
Wave	1586
Wechselwirkung	14350
Weib	18125
Weide	11975
weihen	11191
Weihnacht	34173
Wein	81402
Weisheit	28658
Weißwein	5258
Wellness	5752
Welshpony	5
Weltmusik	885
Weltraum	9731
Weltuntergang	1740
werben	37782
Werkzeug	30886
West	30804
Westgote	518
Westküste	4573
Wettbewerb	104741
wetten	4635
Wetter	50601
Widerstand	100572
Wikinger	3020
Wild	12762
Wildpferd	609
Wildschwein	3566
Winterdreck	5
Winterkönig	120
Wirtschaft	223400
Wissen	157670
Witz	41340
Wohnung	142205
Wolle	10735
Wollmilch	3
Wordspiel	0
Wort	476173
Wrestling	3448
Wunder	2711
Wurzel	44347
Wüste	28600
Yorkshire	720
Yuppi	13
Zapfen	1489
Zar	5493
Zauber	10847
Zaun	14819
Zebra	7239
Zecke	5728
Zeigefinger	5914
Zeit	1303969
Zeitgeist	7291
zentral	165566
Zicke	1076
Ziege	8685
Zirkus	8655
Zivilisation	22460
Zucht	8771
Züchter	7397
Zukunft	296210
zünden	9432
zweit	472150
Zwerg	14235
